CTX192000018	1	../../PAGE_TXT/CTX192000018/CTX192000018-1.txt
CTX192700429	4	../../PAGE_TXT/CTX192700429/CTX192700429-4.txt
CTX193000898	2	../../PAGE_TXT/CTX193000898/CTX193000898-2.txt
CTX193200544	1	../../PAGE_TXT/CTX193200544/CTX193200544-1.txt
CTX193301276	2	../../PAGE_TXT/CTX193301276/CTX193301276-2.txt
CTX193500250	30	../../PAGE_TXT/CTX193500250/CTX193500250-30.txt
CTX193601058	1	../../PAGE_TXT/CTX193601058/CTX193601058-1.txt
CTX193702443	2	../../PAGE_TXT/CTX193702443/CTX193702443-2.txt
CTX193801089	1	../../PAGE_TXT/CTX193801089/CTX193801089-1.txt
CTX193902849	10	../../PAGE_TXT/CTX193902849/CTX193902849-10.txt
CTX194002355	3	../../PAGE_TXT/CTX194002355/CTX194002355-3.txt
CTX194004562	1	../../PAGE_TXT/CTX194004562/CTX194004562-1.txt
CTX194100522	1	../../PAGE_TXT/CTX194100522/CTX194100522-1.txt
CTX194103630	1	../../PAGE_TXT/CTX194103630/CTX194103630-1.txt
CTX194105808	1	../../PAGE_TXT/CTX194105808/CTX194105808-1.txt
CTX194201516	4	../../PAGE_TXT/CTX194201516/CTX194201516-4.txt
CTX194300888	4	../../PAGE_TXT/CTX194300888/CTX194300888-4.txt
CTX194500031	1	../../PAGE_TXT/CTX194500031/CTX194500031-1.txt
CTX194501774	1	../../PAGE_TXT/CTX194501774/CTX194501774-1.txt
CTX194502994	54	../../PAGE_TXT/CTX194502994/CTX194502994-54.txt
CTX194600588	1	../../PAGE_TXT/CTX194600588/CTX194600588-1.txt
CTX194601883M	1	../../PAGE_TXT/CTX194601883M/CTX194601883M-1.txt
CTX194603937	1	../../PAGE_TXT/CTX194603937/CTX194603937-1.txt
CTX194604301A	74	../../PAGE_TXT/CTX194604301A/CTX194604301A-74.txt
CTX194604320D	1	../../PAGE_TXT/CTX194604320D/CTX194604320D-1.txt
CTX194605429	27	../../PAGE_TXT/CTX194605429/CTX194605429-27.txt
CTX194606449	1	../../PAGE_TXT/CTX194606449/CTX194606449-1.txt
CTX194702134	2	../../PAGE_TXT/CTX194702134/CTX194702134-2.txt
CTX194707357	1	../../PAGE_TXT/CTX194707357/CTX194707357-1.txt
CTX194802255	2	../../PAGE_TXT/CTX194802255/CTX194802255-2.txt
CTX194803935	1	../../PAGE_TXT/CTX194803935/CTX194803935-1.txt
CTX194900055	41	../../PAGE_TXT/CTX194900055/CTX194900055-41.txt
CTX194901761	1	../../PAGE_TXT/CTX194901761/CTX194901761-1.txt
CTX194903607	4	../../PAGE_TXT/CTX194903607/CTX194903607-4.txt
CTX195000729	1	../../PAGE_TXT/CTX195000729/CTX195000729-1.txt
CTX195002354	1	../../PAGE_TXT/CTX195002354/CTX195002354-1.txt
CTX195003722	1	../../PAGE_TXT/CTX195003722/CTX195003722-1.txt
CTX195006575	1	../../PAGE_TXT/CTX195006575/CTX195006575-1.txt
CTX195100114	7	../../PAGE_TXT/CTX195100114/CTX195100114-7.txt
CTX195101414	22	../../PAGE_TXT/CTX195101414/CTX195101414-22.txt
CTX195103789	3	../../PAGE_TXT/CTX195103789/CTX195103789-3.txt
CTX195105380	2	../../PAGE_TXT/CTX195105380/CTX195105380-2.txt
CTX195105825	147	../../PAGE_TXT/CTX195105825/CTX195105825-147.txt
CTX195200741A	62	../../PAGE_TXT/CTX195200741A/CTX195200741A-62.txt
CTX195201518A	2	../../PAGE_TXT/CTX195201518A/CTX195201518A-2.txt
CTX195202321	1	../../PAGE_TXT/CTX195202321/CTX195202321-1.txt
CTX195204755	1	../../PAGE_TXT/CTX195204755/CTX195204755-1.txt
CTX195205349	1	../../PAGE_TXT/CTX195205349/CTX195205349-1.txt
CTX195300304	4	../../PAGE_TXT/CTX195300304/CTX195300304-4.txt
CTX195300625	1	../../PAGE_TXT/CTX195300625/CTX195300625-1.txt
CTX195301974	2	../../PAGE_TXT/CTX195301974/CTX195301974-2.txt
CTX195303041	6	../../PAGE_TXT/CTX195303041/CTX195303041-6.txt
CTX195304971	12	../../PAGE_TXT/CTX195304971/CTX195304971-12.txt
CTX195400059B	28	../../PAGE_TXT/CTX195400059B/CTX195400059B-28.txt
CTX195402219	3	../../PAGE_TXT/CTX195402219/CTX195402219-3.txt
CTX195500452	1	../../PAGE_TXT/CTX195500452/CTX195500452-1.txt
CTX195502206	32	../../PAGE_TXT/CTX195502206/CTX195502206-32.txt
CTX195505172	66	../../PAGE_TXT/CTX195505172/CTX195505172-66.txt
CTX195602432	1	../../PAGE_TXT/CTX195602432/CTX195602432-1.txt
CTX195700267	14	../../PAGE_TXT/CTX195700267/CTX195700267-14.txt
CTX195701771A	4	../../PAGE_TXT/CTX195701771A/CTX195701771A-4.txt
CTX195704486	3	../../PAGE_TXT/CTX195704486/CTX195704486-3.txt
CTX195705685	38	../../PAGE_TXT/CTX195705685/CTX195705685-38.txt
CTX195800765	1	../../PAGE_TXT/CTX195800765/CTX195800765-1.txt
CTX195801468	15	../../PAGE_TXT/CTX195801468/CTX195801468-15.txt
CTX195802160	17	../../PAGE_TXT/CTX195802160/CTX195802160-17.txt
CTX195802839H	6	../../PAGE_TXT/CTX195802839H/CTX195802839H-6.txt
CTX195804632	1	../../PAGE_TXT/CTX195804632/CTX195804632-1.txt
CTX195805731	8	../../PAGE_TXT/CTX195805731/CTX195805731-8.txt
CTX195806168A	21	../../PAGE_TXT/CTX195806168A/CTX195806168A-21.txt
CTX195901355	1	../../PAGE_TXT/CTX195901355/CTX195901355-1.txt
CTX195901886F	12	../../PAGE_TXT/CTX195901886F/CTX195901886F-12.txt
CTX195902663D	8	../../PAGE_TXT/CTX195902663D/CTX195902663D-8.txt
CTX195903739	7	../../PAGE_TXT/CTX195903739/CTX195903739-7.txt
CTX195905046	1	../../PAGE_TXT/CTX195905046/CTX195905046-1.txt
CTX195906242	19	../../PAGE_TXT/CTX195906242/CTX195906242-19.txt
CTX195906427B	55	../../PAGE_TXT/CTX195906427B/CTX195906427B-55.txt
CTX195906583L	9	../../PAGE_TXT/CTX195906583L/CTX195906583L-9.txt
CTX196000694	5	../../PAGE_TXT/CTX196000694/CTX196000694-5.txt
CTX196002816	5	../../PAGE_TXT/CTX196002816/CTX196002816-5.txt
CTX196005515	4	../../PAGE_TXT/CTX196005515/CTX196005515-4.txt
CTX196006124	27	../../PAGE_TXT/CTX196006124/CTX196006124-27.txt
CTX196006406A	54	../../PAGE_TXT/CTX196006406A/CTX196006406A-54.txt
CTX196102685	2	../../PAGE_TXT/CTX196102685/CTX196102685-2.txt
CTX196106505A	90	../../PAGE_TXT/CTX196106505A/CTX196106505A-90.txt
CTX196201256	6	../../PAGE_TXT/CTX196201256/CTX196201256-6.txt
CTX196203731	1	../../PAGE_TXT/CTX196203731/CTX196203731-1.txt
CTX196207231	1	../../PAGE_TXT/CTX196207231/CTX196207231-1.txt
CTX196301258	21	../../PAGE_TXT/CTX196301258/CTX196301258-21.txt
CTX196304562	2	../../PAGE_TXT/CTX196304562/CTX196304562-2.txt
CTX196306858C	15	../../PAGE_TXT/CTX196306858C/CTX196306858C-15.txt
CTX196404991	33	../../PAGE_TXT/CTX196404991/CTX196404991-33.txt
CTX196407149	40	../../PAGE_TXT/CTX196407149/CTX196407149-40.txt
CTX196500926A	19	../../PAGE_TXT/CTX196500926A/CTX196500926A-19.txt
CTX196503540	121	../../PAGE_TXT/CTX196503540/CTX196503540-121.txt
CTX196507861	32	../../PAGE_TXT/CTX196507861/CTX196507861-32.txt
CTX196607206A	7	../../PAGE_TXT/CTX196607206A/CTX196607206A-7.txt
CTX196607206P	95	../../PAGE_TXT/CTX196607206P/CTX196607206P-95.txt
CTX196609975	3	../../PAGE_TXT/CTX196609975/CTX196609975-3.txt
CTX196611105	191	../../PAGE_TXT/CTX196611105/CTX196611105-191.txt
CTX196702315B	65	../../PAGE_TXT/CTX196702315B/CTX196702315B-65.txt
CTX196704558	36	../../PAGE_TXT/CTX196704558/CTX196704558-36.txt
CTX196706164	6	../../PAGE_TXT/CTX196706164/CTX196706164-6.txt
CTX196706556	7	../../PAGE_TXT/CTX196706556/CTX196706556-7.txt
CTX196706946	22	../../PAGE_TXT/CTX196706946/CTX196706946-22.txt
CTX196801851	16	../../PAGE_TXT/CTX196801851/CTX196801851-16.txt
CTX196804313	13	../../PAGE_TXT/CTX196804313/CTX196804313-13.txt
CTX196805739	139	../../PAGE_TXT/CTX196805739/CTX196805739-139.txt
CTX196806061	29	../../PAGE_TXT/CTX196806061/CTX196806061-29.txt
CTX196806085	19	../../PAGE_TXT/CTX196806085/CTX196806085-19.txt
CTX196901057B	34	../../PAGE_TXT/CTX196901057B/CTX196901057B-34.txt
CTX196902446A	41	../../PAGE_TXT/CTX196902446A/CTX196902446A-41.txt
CTX196905256	48	../../PAGE_TXT/CTX196905256/CTX196905256-48.txt
CTX196905841F	27	../../PAGE_TXT/CTX196905841F/CTX196905841F-27.txt
CTX197001131	48	../../PAGE_TXT/CTX197001131/CTX197001131-48.txt
CTX197001358	3	../../PAGE_TXT/CTX197001358/CTX197001358-3.txt
CTX197002701	5	../../PAGE_TXT/CTX197002701/CTX197002701-5.txt
CTX197003922	1	../../PAGE_TXT/CTX197003922/CTX197003922-1.txt
CTX197005579	2	../../PAGE_TXT/CTX197005579/CTX197005579-2.txt
CTX197006204A	33	../../PAGE_TXT/CTX197006204A/CTX197006204A-33.txt
CTX197101430C	63	../../PAGE_TXT/CTX197101430C/CTX197101430C-63.txt
CTX197103468B	48	../../PAGE_TXT/CTX197103468B/CTX197103468B-48.txt
CTX197105391	77	../../PAGE_TXT/CTX197105391/CTX197105391-77.txt
CTX197105784	56	../../PAGE_TXT/CTX197105784/CTX197105784-56.txt
CTX197106479	7	../../PAGE_TXT/CTX197106479/CTX197106479-7.txt
CTX197106710A	181	../../PAGE_TXT/CTX197106710A/CTX197106710A-181.txt
CTX197200849	109	../../PAGE_TXT/CTX197200849/CTX197200849-109.txt
CTX197203249	17	../../PAGE_TXT/CTX197203249/CTX197203249-17.txt
CTX197204430A	15	../../PAGE_TXT/CTX197204430A/CTX197204430A-15.txt
CTX197206113B	41	../../PAGE_TXT/CTX197206113B/CTX197206113B-41.txt
CTX197206958	1	../../PAGE_TXT/CTX197206958/CTX197206958-1.txt
CTX197207797	5	../../PAGE_TXT/CTX197207797/CTX197207797-5.txt
CTX197300507	6	../../PAGE_TXT/CTX197300507/CTX197300507-6.txt
CTX197302375	18	../../PAGE_TXT/CTX197302375/CTX197302375-18.txt
CTX197303617A	43	../../PAGE_TXT/CTX197303617A/CTX197303617A-43.txt
CTX197305339	3	../../PAGE_TXT/CTX197305339/CTX197305339-3.txt
CTX197305755	7	../../PAGE_TXT/CTX197305755/CTX197305755-7.txt
CTX197305874	1	../../PAGE_TXT/CTX197305874/CTX197305874-1.txt
CTX197306896	1	../../PAGE_TXT/CTX197306896/CTX197306896-1.txt
CTX197307223	170	../../PAGE_TXT/CTX197307223/CTX197307223-170.txt
CTX197308021	39	../../PAGE_TXT/CTX197308021/CTX197308021-39.txt
CTX197400289	2	../../PAGE_TXT/CTX197400289/CTX197400289-2.txt
CTX197400972	83	../../PAGE_TXT/CTX197400972/CTX197400972-83.txt
CTX197401664	13	../../PAGE_TXT/CTX197401664/CTX197401664-13.txt
CTX197401751	1	../../PAGE_TXT/CTX197401751/CTX197401751-1.txt
CTX197402831	114	../../PAGE_TXT/CTX197402831/CTX197402831-114.txt
CTX197403594	11	../../PAGE_TXT/CTX197403594/CTX197403594-11.txt
CTX197406401	1	../../PAGE_TXT/CTX197406401/CTX197406401-1.txt
CTX197408108	1	../../PAGE_TXT/CTX197408108/CTX197408108-1.txt
CTX197408875	12	../../PAGE_TXT/CTX197408875/CTX197408875-12.txt
CTX197502450A	72	../../PAGE_TXT/CTX197502450A/CTX197502450A-72.txt
CTX197504140	41	../../PAGE_TXT/CTX197504140/CTX197504140-41.txt
CTX197506148	61	../../PAGE_TXT/CTX197506148/CTX197506148-61.txt
CTX197508305	1	../../PAGE_TXT/CTX197508305/CTX197508305-1.txt
CTX197509364A	4	../../PAGE_TXT/CTX197509364A/CTX197509364A-4.txt
CTX197509472D	46	../../PAGE_TXT/CTX197509472D/CTX197509472D-46.txt
CTX197509488D	1	../../PAGE_TXT/CTX197509488D/CTX197509488D-1.txt
CTX197601229	25	../../PAGE_TXT/CTX197601229/CTX197601229-25.txt
CTX197601954	54	../../PAGE_TXT/CTX197601954/CTX197601954-54.txt
CTX197603100E	44	../../PAGE_TXT/CTX197603100E/CTX197603100E-44.txt
CTX197604488	2	../../PAGE_TXT/CTX197604488/CTX197604488-2.txt
CTX197606715	5	../../PAGE_TXT/CTX197606715/CTX197606715-5.txt
CTX197607438	16	../../PAGE_TXT/CTX197607438/CTX197607438-16.txt
CTX197700661	15	../../PAGE_TXT/CTX197700661/CTX197700661-15.txt
CTX197702470	1	../../PAGE_TXT/CTX197702470/CTX197702470-1.txt
CTX197702846D	58	../../PAGE_TXT/CTX197702846D/CTX197702846D-58.txt
CTX197704241A	4	../../PAGE_TXT/CTX197704241A/CTX197704241A-4.txt
CTX197705626A	11	../../PAGE_TXT/CTX197705626A/CTX197705626A-11.txt
CTX197801093	39	../../PAGE_TXT/CTX197801093/CTX197801093-39.txt
CTX197802765	103	../../PAGE_TXT/CTX197802765/CTX197802765-103.txt
CTX197804858	72	../../PAGE_TXT/CTX197804858/CTX197804858-72.txt
CTX197807042	3	../../PAGE_TXT/CTX197807042/CTX197807042-3.txt
CTX197900365	28	../../PAGE_TXT/CTX197900365/CTX197900365-28.txt
CTX197902322	15	../../PAGE_TXT/CTX197902322/CTX197902322-15.txt
CTX197906010	3	../../PAGE_TXT/CTX197906010/CTX197906010-3.txt
CTX197907735	5	../../PAGE_TXT/CTX197907735/CTX197907735-5.txt
CTX197908193	292	../../PAGE_TXT/CTX197908193/CTX197908193-292.txt
CTX198002083	51	../../PAGE_TXT/CTX198002083/CTX198002083-51.txt
CTX198002695A	43	../../PAGE_TXT/CTX198002695A/CTX198002695A-43.txt
CTX198005273B	30	../../PAGE_TXT/CTX198005273B/CTX198005273B-30.txt
CTX198006084	1	../../PAGE_TXT/CTX198006084/CTX198006084-1.txt
CTX198006864	236	../../PAGE_TXT/CTX198006864/CTX198006864-236.txt
CTX198007229A	48	../../PAGE_TXT/CTX198007229A/CTX198007229A-48.txt
CTX198101310	26	../../PAGE_TXT/CTX198101310/CTX198101310-26.txt
CTX198101819	7	../../PAGE_TXT/CTX198101819/CTX198101819-7.txt
CTX198104378	13	../../PAGE_TXT/CTX198104378/CTX198104378-13.txt
CTX198105129	39	../../PAGE_TXT/CTX198105129/CTX198105129-39.txt
CTX198105374	87	../../PAGE_TXT/CTX198105374/CTX198105374-87.txt
CTX198200481	1	../../PAGE_TXT/CTX198200481/CTX198200481-1.txt
CTX198201961	56	../../PAGE_TXT/CTX198201961/CTX198201961-56.txt
CTX198203876	2	../../PAGE_TXT/CTX198203876/CTX198203876-2.txt
CTX198204641	23	../../PAGE_TXT/CTX198204641/CTX198204641-23.txt
CTX198204879	23	../../PAGE_TXT/CTX198204879/CTX198204879-23.txt
CTX198204879Y	20	../../PAGE_TXT/CTX198204879Y/CTX198204879Y-20.txt
CTX198205163	3	../../PAGE_TXT/CTX198205163/CTX198205163-3.txt
CTX198301469	2	../../PAGE_TXT/CTX198301469/CTX198301469-2.txt
CTX198302416A	113	../../PAGE_TXT/CTX198302416A/CTX198302416A-113.txt
CTX198303593	46	../../PAGE_TXT/CTX198303593/CTX198303593-46.txt
CTX198303943	76	../../PAGE_TXT/CTX198303943/CTX198303943-76.txt
CTX198400690	38	../../PAGE_TXT/CTX198400690/CTX198400690-38.txt
CTX198401640	2	../../PAGE_TXT/CTX198401640/CTX198401640-2.txt
CTX198401888C	18	../../PAGE_TXT/CTX198401888C/CTX198401888C-18.txt
CTX198500014	4	../../PAGE_TXT/CTX198500014/CTX198500014-4.txt
CTX198500619	2	../../PAGE_TXT/CTX198500619/CTX198500619-2.txt
CTX198502030	1	../../PAGE_TXT/CTX198502030/CTX198502030-1.txt
CTX198503643	71	../../PAGE_TXT/CTX198503643/CTX198503643-71.txt
CTX198600147	104	../../PAGE_TXT/CTX198600147/CTX198600147-104.txt
CTX198600760	19	../../PAGE_TXT/CTX198600760/CTX198600760-19.txt
CTX198602040	69	../../PAGE_TXT/CTX198602040/CTX198602040-69.txt
CTX198603466	1	../../PAGE_TXT/CTX198603466/CTX198603466-1.txt
CTX198604395	3	../../PAGE_TXT/CTX198604395/CTX198604395-3.txt
CTX198700942	18	../../PAGE_TXT/CTX198700942/CTX198700942-18.txt
CTX198702224	8	../../PAGE_TXT/CTX198702224/CTX198702224-8.txt
CTX198702943A	29	../../PAGE_TXT/CTX198702943A/CTX198702943A-29.txt
CTX198703742A	2	../../PAGE_TXT/CTX198703742A/CTX198703742A-2.txt
CTX198703941A	30	../../PAGE_TXT/CTX198703941A/CTX198703941A-30.txt
CTX198704427	4	../../PAGE_TXT/CTX198704427/CTX198704427-4.txt
CTX198801243	1	../../PAGE_TXT/CTX198801243/CTX198801243-1.txt
CTX198802097	236	../../PAGE_TXT/CTX198802097/CTX198802097-236.txt
CTX198802100	145	../../PAGE_TXT/CTX198802100/CTX198802100-145.txt
CTX198802103G	12	../../PAGE_TXT/CTX198802103G/CTX198802103G-12.txt
CTX198802104D	128	../../PAGE_TXT/CTX198802104D/CTX198802104D-128.txt
CTX198802105	113	../../PAGE_TXT/CTX198802105/CTX198802105-113.txt
CTX198803444	1	../../PAGE_TXT/CTX198803444/CTX198803444-1.txt
CTX198804328	195	../../PAGE_TXT/CTX198804328/CTX198804328-195.txt
CTX198900368	55	../../PAGE_TXT/CTX198900368/CTX198900368-55.txt
CTX198901499	27	../../PAGE_TXT/CTX198901499/CTX198901499-27.txt
CTX198902088	1	../../PAGE_TXT/CTX198902088/CTX198902088-1.txt
CTX198903534	17	../../PAGE_TXT/CTX198903534/CTX198903534-17.txt
CTX199000025	10	../../PAGE_TXT/CTX199000025/CTX199000025-10.txt
CTX199001152C	1	../../PAGE_TXT/CTX199001152C/CTX199001152C-1.txt
CTX199002207A	38	../../PAGE_TXT/CTX199002207A/CTX199002207A-38.txt
CTX199002387	219	../../PAGE_TXT/CTX199002387/CTX199002387-219.txt
CTX199003028	71	../../PAGE_TXT/CTX199003028/CTX199003028-71.txt
CTX199003586	31	../../PAGE_TXT/CTX199003586/CTX199003586-31.txt
CTX199003586P	86	../../PAGE_TXT/CTX199003586P/CTX199003586P-86.txt
CTX199003587D	69	../../PAGE_TXT/CTX199003587D/CTX199003587D-69.txt
CTX199003610	21	../../PAGE_TXT/CTX199003610/CTX199003610-21.txt
CTX199003676Q	68	../../PAGE_TXT/CTX199003676Q/CTX199003676Q-68.txt
CTX199003678E	125	../../PAGE_TXT/CTX199003678E/CTX199003678E-125.txt
CTX199004124F	82	../../PAGE_TXT/CTX199004124F/CTX199004124F-82.txt
CTX199004501	71	../../PAGE_TXT/CTX199004501/CTX199004501-71.txt
CTX199004525	58	../../PAGE_TXT/CTX199004525/CTX199004525-58.txt
CTX199004684	1	../../PAGE_TXT/CTX199004684/CTX199004684-1.txt
CTX199100969	30	../../PAGE_TXT/CTX199100969/CTX199100969-30.txt
CTX199101820	33	../../PAGE_TXT/CTX199101820/CTX199101820-33.txt
CTX199102416D	25	../../PAGE_TXT/CTX199102416D/CTX199102416D-25.txt
CTX199102416N	27	../../PAGE_TXT/CTX199102416N/CTX199102416N-27.txt
CTX199103314A	16	../../PAGE_TXT/CTX199103314A/CTX199103314A-16.txt
CTX199103868	20	../../PAGE_TXT/CTX199103868/CTX199103868-20.txt
CTX199104182	2	../../PAGE_TXT/CTX199104182/CTX199104182-2.txt
CTX199104289	76	../../PAGE_TXT/CTX199104289/CTX199104289-76.txt
CTX199104289K	55	../../PAGE_TXT/CTX199104289K/CTX199104289K-55.txt
CTX199104334	18	../../PAGE_TXT/CTX199104334/CTX199104334-18.txt
CTX199104407	56	../../PAGE_TXT/CTX199104407/CTX199104407-56.txt
CTX199200024	87	../../PAGE_TXT/CTX199200024/CTX199200024-87.txt
CTX199201073	80	../../PAGE_TXT/CTX199201073/CTX199201073-80.txt
CTX199202417	6	../../PAGE_TXT/CTX199202417/CTX199202417-6.txt
CTX199203256	17	../../PAGE_TXT/CTX199203256/CTX199203256-17.txt
CTX199203986	7	../../PAGE_TXT/CTX199203986/CTX199203986-7.txt
CTX199204094	33	../../PAGE_TXT/CTX199204094/CTX199204094-33.txt
CTX199204179	3	../../PAGE_TXT/CTX199204179/CTX199204179-3.txt
CTX199300623	6	../../PAGE_TXT/CTX199300623/CTX199300623-6.txt
CTX199301133	78	../../PAGE_TXT/CTX199301133/CTX199301133-78.txt
CTX199301690	64	../../PAGE_TXT/CTX199301690/CTX199301690-64.txt
CTX199303728	60	../../PAGE_TXT/CTX199303728/CTX199303728-60.txt
CTX199400256	16	../../PAGE_TXT/CTX199400256/CTX199400256-16.txt
CTX199401929	68	../../PAGE_TXT/CTX199401929/CTX199401929-68.txt
CTX199405392	80	../../PAGE_TXT/CTX199405392/CTX199405392-80.txt
CTX199405721	1	../../PAGE_TXT/CTX199405721/CTX199405721-1.txt
CTX199407314	24	../../PAGE_TXT/CTX199407314/CTX199407314-24.txt
CTX199500523	1	../../PAGE_TXT/CTX199500523/CTX199500523-1.txt
CTX199502755A	143	../../PAGE_TXT/CTX199502755A/CTX199502755A-143.txt
CTX199504945	4	../../PAGE_TXT/CTX199504945/CTX199504945-4.txt
CTX199505621	64	../../PAGE_TXT/CTX199505621/CTX199505621-64.txt
CTX199600359	123	../../PAGE_TXT/CTX199600359/CTX199600359-123.txt
CTX199601555	5	../../PAGE_TXT/CTX199601555/CTX199601555-5.txt
CTX199601926D	90	../../PAGE_TXT/CTX199601926D/CTX199601926D-90.txt
CTX199603102	2	../../PAGE_TXT/CTX199603102/CTX199603102-2.txt
CTX199604804	28	../../PAGE_TXT/CTX199604804/CTX199604804-28.txt
CTX199604929	5	../../PAGE_TXT/CTX199604929/CTX199604929-5.txt
CTX199605366	27	../../PAGE_TXT/CTX199605366/CTX199605366-27.txt
CTX199605767	1	../../PAGE_TXT/CTX199605767/CTX199605767-1.txt
CTX199700379	27	../../PAGE_TXT/CTX199700379/CTX199700379-27.txt
CTX199702157	1	../../PAGE_TXT/CTX199702157/CTX199702157-1.txt
CTX199703932	38	../../PAGE_TXT/CTX199703932/CTX199703932-38.txt
CTX199706429	4	../../PAGE_TXT/CTX199706429/CTX199706429-4.txt
CTX199706756	78	../../PAGE_TXT/CTX199706756/CTX199706756-78.txt
CTX199800478	29	../../PAGE_TXT/CTX199800478/CTX199800478-29.txt
CTX199801820B	27	../../PAGE_TXT/CTX199801820B/CTX199801820B-27.txt
CTX199803035D	2	../../PAGE_TXT/CTX199803035D/CTX199803035D-2.txt
CTX199803815D	76	../../PAGE_TXT/CTX199803815D/CTX199803815D-76.txt
CTX199803815S	21	../../PAGE_TXT/CTX199803815S/CTX199803815S-21.txt
CTX199805478	66	../../PAGE_TXT/CTX199805478/CTX199805478-66.txt
CTX199805567	329	../../PAGE_TXT/CTX199805567/CTX199805567-329.txt
CTX199806540B	132	../../PAGE_TXT/CTX199806540B/CTX199806540B-132.txt
CTX199806540G	95	../../PAGE_TXT/CTX199806540G/CTX199806540G-95.txt
CTX199807156	35	../../PAGE_TXT/CTX199807156/CTX199807156-35.txt
CTX199901161	5	../../PAGE_TXT/CTX199901161/CTX199901161-5.txt
CTX199901951	17	../../PAGE_TXT/CTX199901951/CTX199901951-17.txt
CTX199903232	164	../../PAGE_TXT/CTX199903232/CTX199903232-164.txt
CTX199904249	37	../../PAGE_TXT/CTX199904249/CTX199904249-37.txt
CTX199904402B	35	../../PAGE_TXT/CTX199904402B/CTX199904402B-35.txt
CTX199905093	2	../../PAGE_TXT/CTX199905093/CTX199905093-2.txt
CTX199907349	62	../../PAGE_TXT/CTX199907349/CTX199907349-62.txt
CTX199908128	3	../../PAGE_TXT/CTX199908128/CTX199908128-3.txt
CTX199909043	43	../../PAGE_TXT/CTX199909043/CTX199909043-43.txt
CTX200001115	290	../../PAGE_TXT/CTX200001115/CTX200001115-290.txt
CTX200001404	199	../../PAGE_TXT/CTX200001404/CTX200001404-199.txt
CTX200002054	26	../../PAGE_TXT/CTX200002054/CTX200002054-26.txt
CTX200005117	356	../../PAGE_TXT/CTX200005117/CTX200005117-356.txt
CTX200005122	17	../../PAGE_TXT/CTX200005122/CTX200005122-17.txt
CTX200005487	19	../../PAGE_TXT/CTX200005487/CTX200005487-19.txt
CTX200008395	7	../../PAGE_TXT/CTX200008395/CTX200008395-7.txt
CTX200009223	33	../../PAGE_TXT/CTX200009223/CTX200009223-33.txt
CTX200009680	25	../../PAGE_TXT/CTX200009680/CTX200009680-25.txt
CTX200100010	16	../../PAGE_TXT/CTX200100010/CTX200100010-16.txt
CTX200101523	105	../../PAGE_TXT/CTX200101523/CTX200101523-105.txt
CTX200101638	3	../../PAGE_TXT/CTX200101638/CTX200101638-3.txt
CTX200103122	20	../../PAGE_TXT/CTX200103122/CTX200103122-20.txt
CTX200104327	57	../../PAGE_TXT/CTX200104327/CTX200104327-57.txt
CTX200106341	13	../../PAGE_TXT/CTX200106341/CTX200106341-13.txt
CTX200108600	7	../../PAGE_TXT/CTX200108600/CTX200108600-7.txt
CTX200109146	27	../../PAGE_TXT/CTX200109146/CTX200109146-27.txt
CTX200109432	159	../../PAGE_TXT/CTX200109432/CTX200109432-159.txt
CTX200109575	151	../../PAGE_TXT/CTX200109575/CTX200109575-151.txt
CTX200201124	20	../../PAGE_TXT/CTX200201124/CTX200201124-20.txt
CTX200201809	431	../../PAGE_TXT/CTX200201809/CTX200201809-431.txt
CTX200201809	1431	../../PAGE_TXT/CTX200201809/CTX200201809-1431.txt
CTX200201809A	976	../../PAGE_TXT/CTX200201809A/CTX200201809A-976.txt
CTX200201809B	956	../../PAGE_TXT/CTX200201809B/CTX200201809B-956.txt
CTX200201809C	640	../../PAGE_TXT/CTX200201809C/CTX200201809C-640.txt
CTX200201809D	431	../../PAGE_TXT/CTX200201809D/CTX200201809D-431.txt
CTX200201809E	699	../../PAGE_TXT/CTX200201809E/CTX200201809E-699.txt
CTX200202302	88	../../PAGE_TXT/CTX200202302/CTX200202302-88.txt
CTX200203084	1	../../PAGE_TXT/CTX200203084/CTX200203084-1.txt
CTX200205298	41	../../PAGE_TXT/CTX200205298/CTX200205298-41.txt
CTX200207885	50	../../PAGE_TXT/CTX200207885/CTX200207885-50.txt
CTX200208644	183	../../PAGE_TXT/CTX200208644/CTX200208644-183.txt
CTX200300449	60	../../PAGE_TXT/CTX200300449/CTX200300449-60.txt
CTX200300497C	78	../../PAGE_TXT/CTX200300497C/CTX200300497C-78.txt
CTX200300958	113	../../PAGE_TXT/CTX200300958/CTX200300958-113.txt
CTX200301496	2	../../PAGE_TXT/CTX200301496/CTX200301496-2.txt
CTX200302584	32	../../PAGE_TXT/CTX200302584/CTX200302584-32.txt
CTX200303568	3	../../PAGE_TXT/CTX200303568/CTX200303568-3.txt
CTX200305391	11	../../PAGE_TXT/CTX200305391/CTX200305391-11.txt
CTX200307986	100	../../PAGE_TXT/CTX200307986/CTX200307986-100.txt
CTX200309056	3	../../PAGE_TXT/CTX200309056/CTX200309056-3.txt
CTX200400006	11	../../PAGE_TXT/CTX200400006/CTX200400006-11.txt
CTX200401302	39	../../PAGE_TXT/CTX200401302/CTX200401302-39.txt
CTX200402111	193	../../PAGE_TXT/CTX200402111/CTX200402111-193.txt
CTX200402876	20	../../PAGE_TXT/CTX200402876/CTX200402876-20.txt
CTX200402900	6	../../PAGE_TXT/CTX200402900/CTX200402900-6.txt
CTX200404159	31	../../PAGE_TXT/CTX200404159/CTX200404159-31.txt
CTX200405060	181	../../PAGE_TXT/CTX200405060/CTX200405060-181.txt
CTX200406937	71	../../PAGE_TXT/CTX200406937/CTX200406937-71.txt
CTX200409582	5	../../PAGE_TXT/CTX200409582/CTX200409582-5.txt
CTX200501000	182	../../PAGE_TXT/CTX200501000/CTX200501000-182.txt
CTX200501489	82	../../PAGE_TXT/CTX200501489/CTX200501489-82.txt
CTX200502039	259	../../PAGE_TXT/CTX200502039/CTX200502039-259.txt
CTX200502629	171	../../PAGE_TXT/CTX200502629/CTX200502629-171.txt
CTX200502649	91	../../PAGE_TXT/CTX200502649/CTX200502649-91.txt
CTX200503343	3	../../PAGE_TXT/CTX200503343/CTX200503343-3.txt
CTX200505333	1	../../PAGE_TXT/CTX200505333/CTX200505333-1.txt
CTX200507822	47	../../PAGE_TXT/CTX200507822/CTX200507822-47.txt
CTX200508849	3	../../PAGE_TXT/CTX200508849/CTX200508849-3.txt
CTX200510109	29	../../PAGE_TXT/CTX200510109/CTX200510109-29.txt
CTX200510373	2	../../PAGE_TXT/CTX200510373/CTX200510373-2.txt
CTX200510511	11	../../PAGE_TXT/CTX200510511/CTX200510511-11.txt
CTX200510604	21	../../PAGE_TXT/CTX200510604/CTX200510604-21.txt
CTX200600328	137	../../PAGE_TXT/CTX200600328/CTX200600328-137.txt
CTX200601424	111	../../PAGE_TXT/CTX200601424/CTX200601424-111.txt
CTX200602122	101	../../PAGE_TXT/CTX200602122/CTX200602122-101.txt
CTX200603303	118	../../PAGE_TXT/CTX200603303/CTX200603303-118.txt
CTX200604113	21	../../PAGE_TXT/CTX200604113/CTX200604113-21.txt
CTX200604136	45	../../PAGE_TXT/CTX200604136/CTX200604136-45.txt
CTX200605396	58	../../PAGE_TXT/CTX200605396/CTX200605396-58.txt
CTX200605979	20	../../PAGE_TXT/CTX200605979/CTX200605979-20.txt
CTX200607772	342	../../PAGE_TXT/CTX200607772/CTX200607772-342.txt
CTX200608521	53	../../PAGE_TXT/CTX200608521/CTX200608521-53.txt
CTX200610028	41	../../PAGE_TXT/CTX200610028/CTX200610028-41.txt
CTX200611084	96	../../PAGE_TXT/CTX200611084/CTX200611084-96.txt
CTX200700657	12	../../PAGE_TXT/CTX200700657/CTX200700657-12.txt
CTX200702250	26	../../PAGE_TXT/CTX200702250/CTX200702250-26.txt
CTX200702290	1	../../PAGE_TXT/CTX200702290/CTX200702290-1.txt
CTX200702323	22	../../PAGE_TXT/CTX200702323/CTX200702323-22.txt
CTX200702738	97	../../PAGE_TXT/CTX200702738/CTX200702738-97.txt
CTX200705112	2	../../PAGE_TXT/CTX200705112/CTX200705112-2.txt
CTX200706966B	44	../../PAGE_TXT/CTX200706966B/CTX200706966B-44.txt
CTX200707027A	135	../../PAGE_TXT/CTX200707027A/CTX200707027A-135.txt
CTX200707431	4	../../PAGE_TXT/CTX200707431/CTX200707431-4.txt
CTX200709496	174	../../PAGE_TXT/CTX200709496/CTX200709496-174.txt
CTX200710049	327	../../PAGE_TXT/CTX200710049/CTX200710049-327.txt
CTX200710230	163	../../PAGE_TXT/CTX200710230/CTX200710230-163.txt
CTX200711050A	13	../../PAGE_TXT/CTX200711050A/CTX200711050A-13.txt
CTX200711299	44	../../PAGE_TXT/CTX200711299/CTX200711299-44.txt
CTX200712194	41	../../PAGE_TXT/CTX200712194/CTX200712194-41.txt
CTX200712343	120	../../PAGE_TXT/CTX200712343/CTX200712343-120.txt
CTX200712630	132	../../PAGE_TXT/CTX200712630/CTX200712630-132.txt
CTX200800213	83	../../PAGE_TXT/CTX200800213/CTX200800213-83.txt
CTX200801684	28	../../PAGE_TXT/CTX200801684/CTX200801684-28.txt
CTX200802472	100	../../PAGE_TXT/CTX200802472/CTX200802472-100.txt
CTX200802752	3	../../PAGE_TXT/CTX200802752/CTX200802752-3.txt
CTX200802817	17	../../PAGE_TXT/CTX200802817/CTX200802817-17.txt
CTX200803239	16	../../PAGE_TXT/CTX200803239/CTX200803239-16.txt
CTX200804551	15	../../PAGE_TXT/CTX200804551/CTX200804551-15.txt
CTX200806478	46	../../PAGE_TXT/CTX200806478/CTX200806478-46.txt
CTX200806859	74	../../PAGE_TXT/CTX200806859/CTX200806859-74.txt
CTX200808047	32	../../PAGE_TXT/CTX200808047/CTX200808047-32.txt
CTX200808540	872	../../PAGE_TXT/CTX200808540/CTX200808540-872.txt
CTX200808540A	64	../../PAGE_TXT/CTX200808540A/CTX200808540A-64.txt
CTX200808540B	269	../../PAGE_TXT/CTX200808540B/CTX200808540B-269.txt
CTX200809622	87	../../PAGE_TXT/CTX200809622/CTX200809622-87.txt
CTX200811130	32	../../PAGE_TXT/CTX200811130/CTX200811130-32.txt
CTX200811413	330	../../PAGE_TXT/CTX200811413/CTX200811413-330.txt
CTX200812413	16	../../PAGE_TXT/CTX200812413/CTX200812413-16.txt
CTX200813139	109	../../PAGE_TXT/CTX200813139/CTX200813139-109.txt
CTX200900022	18	../../PAGE_TXT/CTX200900022/CTX200900022-18.txt
CTX200900701	528	../../PAGE_TXT/CTX200900701/CTX200900701-528.txt
CTX200901172	274	../../PAGE_TXT/CTX200901172/CTX200901172-274.txt
CTX200901866	143	../../PAGE_TXT/CTX200901866/CTX200901866-143.txt
CTX200902452	124	../../PAGE_TXT/CTX200902452/CTX200902452-124.txt
CTX200903015	16	../../PAGE_TXT/CTX200903015/CTX200903015-16.txt
CTX200903265	28	../../PAGE_TXT/CTX200903265/CTX200903265-28.txt
CTX200903467B	370	../../PAGE_TXT/CTX200903467B/CTX200903467B-370.txt
CTX200903467D	503	../../PAGE_TXT/CTX200903467D/CTX200903467D-503.txt
CTX200903467G	350	../../PAGE_TXT/CTX200903467G/CTX200903467G-350.txt
CTX200903822	141	../../PAGE_TXT/CTX200903822/CTX200903822-141.txt
CTX200904055	10	../../PAGE_TXT/CTX200904055/CTX200904055-10.txt
CTX200904832	6	../../PAGE_TXT/CTX200904832/CTX200904832-6.txt
CTX200905128D	125	../../PAGE_TXT/CTX200905128D/CTX200905128D-125.txt
CTX200907372	75	../../PAGE_TXT/CTX200907372/CTX200907372-75.txt
CTX200908088A	174	../../PAGE_TXT/CTX200908088A/CTX200908088A-174.txt
CTX200910503	1	../../PAGE_TXT/CTX200910503/CTX200910503-1.txt
CTX200910863D	50	../../PAGE_TXT/CTX200910863D/CTX200910863D-50.txt
CTX200911925	28	../../PAGE_TXT/CTX200911925/CTX200911925-28.txt
CTX200913432	36	../../PAGE_TXT/CTX200913432/CTX200913432-36.txt
CTX200915019	57	../../PAGE_TXT/CTX200915019/CTX200915019-57.txt
CTX200915804A	274	../../PAGE_TXT/CTX200915804A/CTX200915804A-274.txt
CTX201000632	28	../../PAGE_TXT/CTX201000632/CTX201000632-28.txt
CTX201000713	989	../../PAGE_TXT/CTX201000713/CTX201000713-989.txt
CTX201000713C	136	../../PAGE_TXT/CTX201000713C/CTX201000713C-136.txt
CTX201000760	197	../../PAGE_TXT/CTX201000760/CTX201000760-197.txt
CTX201001334	80	../../PAGE_TXT/CTX201001334/CTX201001334-80.txt
CTX201001863	115	../../PAGE_TXT/CTX201001863/CTX201001863-115.txt
CTX201001863	1115	../../PAGE_TXT/CTX201001863/CTX201001863-1115.txt
CTX201001901	901	../../PAGE_TXT/CTX201001901/CTX201001901-901.txt
CTX201001914	18	../../PAGE_TXT/CTX201001914/CTX201001914-18.txt
CTX201004072	76	../../PAGE_TXT/CTX201004072/CTX201004072-76.txt
CTX201004108	20	../../PAGE_TXT/CTX201004108/CTX201004108-20.txt
CTX201004129	9	../../PAGE_TXT/CTX201004129/CTX201004129-9.txt
CTX201004298	61	../../PAGE_TXT/CTX201004298/CTX201004298-61.txt
CTX201004375	12	../../PAGE_TXT/CTX201004375/CTX201004375-12.txt
CTX201004988	127	../../PAGE_TXT/CTX201004988/CTX201004988-127.txt
CTX201005239	55	../../PAGE_TXT/CTX201005239/CTX201005239-55.txt
CTX201006793	4	../../PAGE_TXT/CTX201006793/CTX201006793-4.txt
CTX201007254	5	../../PAGE_TXT/CTX201007254/CTX201007254-5.txt
CTX201007351	68	../../PAGE_TXT/CTX201007351/CTX201007351-68.txt
CTX201007365A	560	../../PAGE_TXT/CTX201007365A/CTX201007365A-560.txt
CTX201007696	2	../../PAGE_TXT/CTX201007696/CTX201007696-2.txt
CTX201007898A	15	../../PAGE_TXT/CTX201007898A/CTX201007898A-15.txt
CTX201100041A	354	../../PAGE_TXT/CTX201100041A/CTX201100041A-354.txt
CTX201100106	16	../../PAGE_TXT/CTX201100106/CTX201100106-16.txt
CTX201100541	508	../../PAGE_TXT/CTX201100541/CTX201100541-508.txt
CTX201100541	1508	../../PAGE_TXT/CTX201100541/CTX201100541-1508.txt
CTX201100554	41	../../PAGE_TXT/CTX201100554/CTX201100554-41.txt
CTX201100615	779	../../PAGE_TXT/CTX201100615/CTX201100615-779.txt
CTX201100832	36	../../PAGE_TXT/CTX201100832/CTX201100832-36.txt
CTX201100935A	28	../../PAGE_TXT/CTX201100935A/CTX201100935A-28.txt
CTX201101163	10	../../PAGE_TXT/CTX201101163/CTX201101163-10.txt
CTX201101224	32	../../PAGE_TXT/CTX201101224/CTX201101224-32.txt
CTX201101321	25	../../PAGE_TXT/CTX201101321/CTX201101321-25.txt
CTX201101323	732	../../PAGE_TXT/CTX201101323/CTX201101323-732.txt
CTX201101457A	7	../../PAGE_TXT/CTX201101457A/CTX201101457A-7.txt
CTX201102089	82	../../PAGE_TXT/CTX201102089/CTX201102089-82.txt
CTX201102795	48	../../PAGE_TXT/CTX201102795/CTX201102795-48.txt
CTX201102934	216	../../PAGE_TXT/CTX201102934/CTX201102934-216.txt
CTX201102973	58	../../PAGE_TXT/CTX201102973/CTX201102973-58.txt
CTX201103402	198	../../PAGE_TXT/CTX201103402/CTX201103402-198.txt
CTX201103402B	190	../../PAGE_TXT/CTX201103402B/CTX201103402B-190.txt
CTX201103582	4	../../PAGE_TXT/CTX201103582/CTX201103582-4.txt
CTX201103648	9	../../PAGE_TXT/CTX201103648/CTX201103648-9.txt
CTX201103657	31	../../PAGE_TXT/CTX201103657/CTX201103657-31.txt
CTX201103664	68	../../PAGE_TXT/CTX201103664/CTX201103664-68.txt
CTX201103670	133	../../PAGE_TXT/CTX201103670/CTX201103670-133.txt
CTX201200004B	62	../../PAGE_TXT/CTX201200004B/CTX201200004B-62.txt
CTX201200065	120	../../PAGE_TXT/CTX201200065/CTX201200065-120.txt
CTX201200114	23	../../PAGE_TXT/CTX201200114/CTX201200114-23.txt
CTX201200151	2	../../PAGE_TXT/CTX201200151/CTX201200151-2.txt
CTX201200551	62	../../PAGE_TXT/CTX201200551/CTX201200551-62.txt
CTX201200814	46	../../PAGE_TXT/CTX201200814/CTX201200814-46.txt
CTX201201291	6	../../PAGE_TXT/CTX201201291/CTX201201291-6.txt
CTX201201413	21	../../PAGE_TXT/CTX201201413/CTX201201413-21.txt
CTX201202160	31	../../PAGE_TXT/CTX201202160/CTX201202160-31.txt
CTX201202244	30	../../PAGE_TXT/CTX201202244/CTX201202244-30.txt
CTX201202277B	145	../../PAGE_TXT/CTX201202277B/CTX201202277B-145.txt
CTX201202298	114	../../PAGE_TXT/CTX201202298/CTX201202298-114.txt
CTX201202432A	263	../../PAGE_TXT/CTX201202432A/CTX201202432A-263.txt
CTX201202519	796	../../PAGE_TXT/CTX201202519/CTX201202519-796.txt
CTX201202530	91	../../PAGE_TXT/CTX201202530/CTX201202530-91.txt
CTX201202573	3	../../PAGE_TXT/CTX201202573/CTX201202573-3.txt
CTX201202677	25	../../PAGE_TXT/CTX201202677/CTX201202677-25.txt
CTX201202707	12	../../PAGE_TXT/CTX201202707/CTX201202707-12.txt
CTX201203281	322	../../PAGE_TXT/CTX201203281/CTX201203281-322.txt
CTX201203564	2	../../PAGE_TXT/CTX201203564/CTX201203564-2.txt
CTX201300229	41	../../PAGE_TXT/CTX201300229/CTX201300229-41.txt
CTX201300531	124	../../PAGE_TXT/CTX201300531/CTX201300531-124.txt
CTX201300782	27	../../PAGE_TXT/CTX201300782/CTX201300782-27.txt
CTX201300955	290	../../PAGE_TXT/CTX201300955/CTX201300955-290.txt
CTX201301084	26	../../PAGE_TXT/CTX201301084/CTX201301084-26.txt
CTX201301477	32	../../PAGE_TXT/CTX201301477/CTX201301477-32.txt
CTX201301921	5	../../PAGE_TXT/CTX201301921/CTX201301921-5.txt
CTX201302174	72	../../PAGE_TXT/CTX201302174/CTX201302174-72.txt
CTX201302314	1	../../PAGE_TXT/CTX201302314/CTX201302314-1.txt
CTX201302514	254	../../PAGE_TXT/CTX201302514/CTX201302514-254.txt
CTX201302602	68	../../PAGE_TXT/CTX201302602/CTX201302602-68.txt
CTX201302639	29	../../PAGE_TXT/CTX201302639/CTX201302639-29.txt
CTX201302714	114	../../PAGE_TXT/CTX201302714/CTX201302714-114.txt
CTX201302748	208	../../PAGE_TXT/CTX201302748/CTX201302748-208.txt
CTX201302859	8	../../PAGE_TXT/CTX201302859/CTX201302859-8.txt
CTX201302954	50	../../PAGE_TXT/CTX201302954/CTX201302954-50.txt
CTX201303015	86	../../PAGE_TXT/CTX201303015/CTX201303015-86.txt
CTX201303020	645	../../PAGE_TXT/CTX201303020/CTX201303020-645.txt
CTX201303209	24	../../PAGE_TXT/CTX201303209/CTX201303209-24.txt
CTX201303225	6	../../PAGE_TXT/CTX201303225/CTX201303225-6.txt
CTX201303243	85	../../PAGE_TXT/CTX201303243/CTX201303243-85.txt
CTX201400039A	18	../../PAGE_TXT/CTX201400039A/CTX201400039A-18.txt
CTX201400192	110	../../PAGE_TXT/CTX201400192/CTX201400192-110.txt
CTX201400682	65	../../PAGE_TXT/CTX201400682/CTX201400682-65.txt
CTX201400849	6	../../PAGE_TXT/CTX201400849/CTX201400849-6.txt
CTX201403894	10	../../PAGE_TXT/CTX201403894/CTX201403894-10.txt
CTX201403955	58	../../PAGE_TXT/CTX201403955/CTX201403955-58.txt
CTX201404706	202	../../PAGE_TXT/CTX201404706/CTX201404706-202.txt
CTX201404706B	530	../../PAGE_TXT/CTX201404706B/CTX201404706B-530.txt
CTX201404728	17	../../PAGE_TXT/CTX201404728/CTX201404728-17.txt
CTX201404751	240	../../PAGE_TXT/CTX201404751/CTX201404751-240.txt
CTX201404770	164	../../PAGE_TXT/CTX201404770/CTX201404770-164.txt
CTX201404815	396	../../PAGE_TXT/CTX201404815/CTX201404815-396.txt
CTX201404919	90	../../PAGE_TXT/CTX201404919/CTX201404919-90.txt
CTX201405052	7	../../PAGE_TXT/CTX201405052/CTX201405052-7.txt
CTX201405184	32	../../PAGE_TXT/CTX201405184/CTX201405184-32.txt
CTX201405188	265	../../PAGE_TXT/CTX201405188/CTX201405188-265.txt
CTX201405221	153	../../PAGE_TXT/CTX201405221/CTX201405221-153.txt
CTX201405223	289	../../PAGE_TXT/CTX201405223/CTX201405223-289.txt
CTX201405225B	31	../../PAGE_TXT/CTX201405225B/CTX201405225B-31.txt
CTX201405252	50	../../PAGE_TXT/CTX201405252/CTX201405252-50.txt
CTX201405253C	207	../../PAGE_TXT/CTX201405253C/CTX201405253C-207.txt
CTX201405254A	69	../../PAGE_TXT/CTX201405254A/CTX201405254A-69.txt
CTX201405285	341	../../PAGE_TXT/CTX201405285/CTX201405285-341.txt
CTX201405531	4	../../PAGE_TXT/CTX201405531/CTX201405531-4.txt
CTX201405550	32	../../PAGE_TXT/CTX201405550/CTX201405550-32.txt
CTX201405865	188	../../PAGE_TXT/CTX201405865/CTX201405865-188.txt
CTX201405865A	711	../../PAGE_TXT/CTX201405865A/CTX201405865A-711.txt
CTX201405865D	200	../../PAGE_TXT/CTX201405865D/CTX201405865D-200.txt
CTX201405866	107	../../PAGE_TXT/CTX201405866/CTX201405866-107.txt
CTX201405868	58	../../PAGE_TXT/CTX201405868/CTX201405868-58.txt
CTX201500011	28	../../PAGE_TXT/CTX201500011/CTX201500011-28.txt
CTX201500062	52	../../PAGE_TXT/CTX201500062/CTX201500062-52.txt
CTX201500432	156	../../PAGE_TXT/CTX201500432/CTX201500432-156.txt
CTX201500844	14	../../PAGE_TXT/CTX201500844/CTX201500844-14.txt
CTX201500894	10	../../PAGE_TXT/CTX201500894/CTX201500894-10.txt
CTX201501656A	20	../../PAGE_TXT/CTX201501656A/CTX201501656A-20.txt
CTX201501656D	136	../../PAGE_TXT/CTX201501656D/CTX201501656D-136.txt
CTX201501681	443	../../PAGE_TXT/CTX201501681/CTX201501681-443.txt
CTX201501946A	142	../../PAGE_TXT/CTX201501946A/CTX201501946A-142.txt
CTX201501946C	110	../../PAGE_TXT/CTX201501946C/CTX201501946C-110.txt
CTX201501978	102	../../PAGE_TXT/CTX201501978/CTX201501978-102.txt
CTX201501990	17	../../PAGE_TXT/CTX201501990/CTX201501990-17.txt
CTX201502018	7	../../PAGE_TXT/CTX201502018/CTX201502018-7.txt
CTX201502023	343	../../PAGE_TXT/CTX201502023/CTX201502023-343.txt
CTX201502114	20	../../PAGE_TXT/CTX201502114/CTX201502114-20.txt
CTX201502298	11	../../PAGE_TXT/CTX201502298/CTX201502298-11.txt
CTX201502334	58	../../PAGE_TXT/CTX201502334/CTX201502334-58.txt
CTX201502513	10	../../PAGE_TXT/CTX201502513/CTX201502513-10.txt
CTX201502523	306	../../PAGE_TXT/CTX201502523/CTX201502523-306.txt
CTX201502539	59	../../PAGE_TXT/CTX201502539/CTX201502539-59.txt
CTX201502544	17	../../PAGE_TXT/CTX201502544/CTX201502544-17.txt
CTX201502875B	115	../../PAGE_TXT/CTX201502875B/CTX201502875B-115.txt
CTX201502875F	315	../../PAGE_TXT/CTX201502875F/CTX201502875F-315.txt
CTX201502927	6	../../PAGE_TXT/CTX201502927/CTX201502927-6.txt
CTX201503661	168	../../PAGE_TXT/CTX201503661/CTX201503661-168.txt
CTX201503834	143	../../PAGE_TXT/CTX201503834/CTX201503834-143.txt
CTX201503905E	4	../../PAGE_TXT/CTX201503905E/CTX201503905E-4.txt
CTX201504005	8	../../PAGE_TXT/CTX201504005/CTX201504005-8.txt
CTX201504079	1	../../PAGE_TXT/CTX201504079/CTX201504079-1.txt
CTX201504547	200	../../PAGE_TXT/CTX201504547/CTX201504547-200.txt
CTX201504658	2	../../PAGE_TXT/CTX201504658/CTX201504658-2.txt
CTX201600345	24	../../PAGE_TXT/CTX201600345/CTX201600345-24.txt
CTX201600361	94	../../PAGE_TXT/CTX201600361/CTX201600361-94.txt
CTX201600410	1	../../PAGE_TXT/CTX201600410/CTX201600410-1.txt
CTX201600498	64	../../PAGE_TXT/CTX201600498/CTX201600498-64.txt
CTX201600507	73	../../PAGE_TXT/CTX201600507/CTX201600507-73.txt
CTX201600548	510	../../PAGE_TXT/CTX201600548/CTX201600548-510.txt
CTX201600807	29	../../PAGE_TXT/CTX201600807/CTX201600807-29.txt
CTX201600833	66	../../PAGE_TXT/CTX201600833/CTX201600833-66.txt
CTX201600842	334	../../PAGE_TXT/CTX201600842/CTX201600842-334.txt
CTX201600898	22	../../PAGE_TXT/CTX201600898/CTX201600898-22.txt
CTX201600965	58	../../PAGE_TXT/CTX201600965/CTX201600965-58.txt
CTX201600993	5	../../PAGE_TXT/CTX201600993/CTX201600993-5.txt
CTX201601112	12	../../PAGE_TXT/CTX201601112/CTX201601112-12.txt
CTX201601205	129	../../PAGE_TXT/CTX201601205/CTX201601205-129.txt
CTX201601376	88	../../PAGE_TXT/CTX201601376/CTX201601376-88.txt
CTX201601552	16	../../PAGE_TXT/CTX201601552/CTX201601552-16.txt
CTX201601683	27	../../PAGE_TXT/CTX201601683/CTX201601683-27.txt
CTX201602277	34	../../PAGE_TXT/CTX201602277/CTX201602277-34.txt
CTX201603158	246	../../PAGE_TXT/CTX201603158/CTX201603158-246.txt
CTX201603198	106	../../PAGE_TXT/CTX201603198/CTX201603198-106.txt
CTX201603570	67	../../PAGE_TXT/CTX201603570/CTX201603570-67.txt
CTX201603778B	123	../../PAGE_TXT/CTX201603778B/CTX201603778B-123.txt
CTX201603778F	110	../../PAGE_TXT/CTX201603778F/CTX201603778F-110.txt
CTX201603778G	672	../../PAGE_TXT/CTX201603778G/CTX201603778G-672.txt
CTX201603784	35	../../PAGE_TXT/CTX201603784/CTX201603784-35.txt
CTX201603815	115	../../PAGE_TXT/CTX201603815/CTX201603815-115.txt
CTX201604006	340	../../PAGE_TXT/CTX201604006/CTX201604006-340.txt
CTX201604006A	292	../../PAGE_TXT/CTX201604006A/CTX201604006A-292.txt
CTX201604014	292	../../PAGE_TXT/CTX201604014/CTX201604014-292.txt
CTX201604014B	324	../../PAGE_TXT/CTX201604014B/CTX201604014B-324.txt
CTX201604022	301	../../PAGE_TXT/CTX201604022/CTX201604022-301.txt
CTX201604032	4	../../PAGE_TXT/CTX201604032/CTX201604032-4.txt
CTX201604049A	45	../../PAGE_TXT/CTX201604049A/CTX201604049A-45.txt
CTX201604051	67	../../PAGE_TXT/CTX201604051/CTX201604051-67.txt
CTX201604051D	317	../../PAGE_TXT/CTX201604051D/CTX201604051D-317.txt
CTX201604069	475	../../PAGE_TXT/CTX201604069/CTX201604069-475.txt
CTX201604071A	95	../../PAGE_TXT/CTX201604071A/CTX201604071A-95.txt
CTX201604092	1	../../PAGE_TXT/CTX201604092/CTX201604092-1.txt
CTX201604141	215	../../PAGE_TXT/CTX201604141/CTX201604141-215.txt
CTX201604155	437	../../PAGE_TXT/CTX201604155/CTX201604155-437.txt
CTX201604169	63	../../PAGE_TXT/CTX201604169/CTX201604169-63.txt
CTX201604366	1	../../PAGE_TXT/CTX201604366/CTX201604366-1.txt
CTX201700202G	17	../../PAGE_TXT/CTX201700202G/CTX201700202G-17.txt
CTX201700407	36	../../PAGE_TXT/CTX201700407/CTX201700407-36.txt
CTX201700729	41	../../PAGE_TXT/CTX201700729/CTX201700729-41.txt
CTX201700804	2	../../PAGE_TXT/CTX201700804/CTX201700804-2.txt
CTX201700827A	412	../../PAGE_TXT/CTX201700827A/CTX201700827A-412.txt
CTX201701380	2	../../PAGE_TXT/CTX201701380/CTX201701380-2.txt
CTX201701924	51	../../PAGE_TXT/CTX201701924/CTX201701924-51.txt
CTX201701997A	124	../../PAGE_TXT/CTX201701997A/CTX201701997A-124.txt
CTX201702161	86	../../PAGE_TXT/CTX201702161/CTX201702161-86.txt
CTX201702169	91	../../PAGE_TXT/CTX201702169/CTX201702169-91.txt
CTX201702176	329	../../PAGE_TXT/CTX201702176/CTX201702176-329.txt
CTX201702181B	253	../../PAGE_TXT/CTX201702181B/CTX201702181B-253.txt
CTX201702246	2	../../PAGE_TXT/CTX201702246/CTX201702246-2.txt
CTX201703278	60	../../PAGE_TXT/CTX201703278/CTX201703278-60.txt
CTX201703285	32	../../PAGE_TXT/CTX201703285/CTX201703285-32.txt
CTX201703525A	50	../../PAGE_TXT/CTX201703525A/CTX201703525A-50.txt
CTX201703690	9	../../PAGE_TXT/CTX201703690/CTX201703690-9.txt
CTX201703690C	165	../../PAGE_TXT/CTX201703690C/CTX201703690C-165.txt
CTX201703691B	49	../../PAGE_TXT/CTX201703691B/CTX201703691B-49.txt
CTX201709859	1	../../PAGE_TXT/CTX201709859/CTX201709859-1.txt
CTX201750001	151	../../PAGE_TXT/CTX201750001/CTX201750001-151.txt
CTX201750047	2	../../PAGE_TXT/CTX201750047/CTX201750047-2.txt
CTX201750083	23	../../PAGE_TXT/CTX201750083/CTX201750083-23.txt
CTX201750088	305	../../PAGE_TXT/CTX201750088/CTX201750088-305.txt
CTX201750114	7	../../PAGE_TXT/CTX201750114/CTX201750114-7.txt
CTX201750130A	215	../../PAGE_TXT/CTX201750130A/CTX201750130A-215.txt
CTX201750173	156	../../PAGE_TXT/CTX201750173/CTX201750173-156.txt
CTX201750230	13	../../PAGE_TXT/CTX201750230/CTX201750230-13.txt
CTX201750244	329	../../PAGE_TXT/CTX201750244/CTX201750244-329.txt
CTX201750259	5	../../PAGE_TXT/CTX201750259/CTX201750259-5.txt
CTX201750286	106	../../PAGE_TXT/CTX201750286/CTX201750286-106.txt
CTX201750304	7	../../PAGE_TXT/CTX201750304/CTX201750304-7.txt
CTX201750319A	150	../../PAGE_TXT/CTX201750319A/CTX201750319A-150.txt
CTX201750322	25	../../PAGE_TXT/CTX201750322/CTX201750322-25.txt
CTX201750331	18	../../PAGE_TXT/CTX201750331/CTX201750331-18.txt
CTX201750335	295	../../PAGE_TXT/CTX201750335/CTX201750335-295.txt
CTX201750359	32	../../PAGE_TXT/CTX201750359/CTX201750359-32.txt
CTX201750378	19	../../PAGE_TXT/CTX201750378/CTX201750378-19.txt
