cs,en,source,source_id,scheme,theme,placed_by
areál jiné aktivity,other site,amcr,HES-000056,areal,Activity Area,heslar:areal
areál nezemědělské výroby,production site,amcr,HES-000078,areal,Activity Area,heslar:areal
areál těžby,extracting site,amcr,HES-000032,areal,Activity Area,heslar:areal
areál vojenských aktivit,military site,amcr,HES-000041,areal,Activity Area,heslar:areal
areál zemědělské výroby,agricultural production site,amcr,HES-000036,areal,Activity Area,heslar:areal
boj,fighting activity,amcr,HES-000008,aktivita,Activity Area,heslar:aktivita
bojiště,battlefield,amcr,HES-000042,areal,Activity Area,heslar:areal
dehtárna,tar kiln,amcr,HES-000079,areal,Activity Area,heslar:areal
deponování,deposition activity,amcr,HES-000007,aktivita,Activity Area,heslar:aktivita
depot,hoard,amcr,HES-000051,areal,Activity Area,heslar:areal
dvorec/dvůr,curia/manorial farm,amcr,HES-000014,areal,Activity Area,heslar:areal
důl,mine,amcr,HES-000033,areal,Activity Area,heslar:areal
hrad,castle,amcr,HES-000015,areal,Activity Area,heslar:areal
hradiště,hillfort,amcr,HES-000072,areal,Activity Area,heslar:areal
hrazené sídliště,enclosed settlement,amcr,HES-000064,areal,Activity Area,heslar:areal
hrazený areál,enclosure,amcr,HES-000071,areal,Activity Area,heslar:areal
intruze,intrusion,amcr,HES-000010,aktivita,Activity Area,heslar:aktivita
izolovaný pohřeb,isolated grave,amcr,HES-000026,areal,Activity Area,heslar:areal
jez,weir,amcr,HES-000052,areal,Activity Area,heslar:areal
jiná aktivita,other activity,amcr,HES-000009,aktivita,Activity Area,heslar:aktivita
kanál/náhon,channel/millrace,amcr,HES-000053,areal,Activity Area,heslar:areal
klášter,monastery,amcr,HES-000073,areal,Activity Area,heslar:areal
komunikace,transportation activity,amcr,HES-000006,aktivita,Activity Area,heslar:aktivita
krajina,landscape,amcr,HES-000117,lokalita_druh,Activity Area,heslar:lokalita_druh
kult,ritual activity,amcr,HES-000005,aktivita,Activity Area,heslar:aktivita
kultovní areál,ritual site,amcr,HES-000019,areal,Activity Area,heslar:areal
kultovní místo,ritual place,amcr,HES-000023,areal,Activity Area,heslar:areal
kříž/boží muka,cross/calvary,amcr,HES-000022,areal,Activity Area,heslar:areal
lom,quarry,amcr,HES-000034,areal,Activity Area,heslar:areal
milířiště,charcoal kiln,amcr,HES-000029,areal,Activity Area,heslar:areal
most/brod,bridge/ford,amcr,HES-000049,areal,Activity Area,heslar:areal
muzeum/skanzen,museum/open-air museum,amcr,HES-000129,lokalita_druh,Activity Area,heslar:lokalita_druh
místo sběru,collection site,amcr,HES-000057,areal,Activity Area,heslar:areal
město,city,amcr,HES-000074,areal,Activity Area,heslar:areal
městský palác,town palace,amcr,HES-000016,areal,Activity Area,heslar:areal
nadkomunitní areál,supracommunity site,amcr,HES-000011,areal,Activity Area,heslar:areal
nemovitá památka,heritage site,amcr,HES-001122,lokalita_typ,Activity Area,heslar:lokalita_typ
neurčený areál,unspecified site,amcr,HES-000060,areal,Activity Area,heslar:areal
nález v druhotné poloze,find in secondary context,amcr,HES-000061,areal,Activity Area,heslar:areal
obora,game park,amcr,HES-000037,areal,Activity Area,heslar:areal
obývání,residential activity,amcr,HES-000001,aktivita,Activity Area,heslar:aktivita
ojedinělý nález,single find,amcr,HES-000062,areal,Activity Area,heslar:areal
osídlený skalní prostor,cave settlement,amcr,HES-000065,areal,Activity Area,heslar:areal
park,park,amcr,HES-000059,areal,Activity Area,heslar:areal
pastvina/louka,pasture/meadow,amcr,HES-000038,areal,Activity Area,heslar:areal
pevnost,fortress,amcr,HES-000043,areal,Activity Area,heslar:areal
pivovar,brewery,amcr,HES-000080,areal,Activity Area,heslar:areal
pohřbívání,burial activity,amcr,HES-000002,aktivita,Activity Area,heslar:aktivita
pohřebiště v sakrální stavbě,burials in sacral building,amcr,HES-000077,areal,Activity Area,heslar:areal
pohřebiště/hřbitov,cemetery/graveyard,amcr,HES-000027,areal,Activity Area,heslar:areal
pohřební areál,burial site,amcr,HES-000025,areal,Activity Area,heslar:areal
pole,cropland,amcr,HES-000039,areal,Activity Area,heslar:areal
polní opevnění,field fortification,amcr,HES-000044,areal,Activity Area,heslar:areal
polygon archeologického průzkumu,archaeological survey polygon,amcr,HES-000132,lokalita_druh_kat,Activity Area,heslar:lokalita_druh_kat
polygon leteckého průzkumu,aerial survey polygon,amcr,HES-000111,lokalita_druh,Activity Area,heslar:lokalita_druh
polygon průzkumu,survey polygon,amcr,HES-001123,lokalita_typ,Activity Area,heslar:lokalita_typ
pomník/památník,memorial,amcr,HES-000128,lokalita_druh,Activity Area,heslar:lokalita_druh
popraviště,execution site,amcr,HES-000058,areal,Activity Area,heslar:areal
pozůstatek komunikace,remains of transportation structure,amcr,HES-001429,lokalita_druh,Activity Area,heslar:lokalita_druh
pozůstatek kultu,remains of ritual site,amcr,HES-001433,lokalita_druh,Activity Area,heslar:lokalita_druh
pozůstatek mohylníku,remains of burial mounds,amcr,HES-001430,lokalita_druh,Activity Area,heslar:lokalita_druh
pozůstatek ohrazení,remains of enclosure,amcr,HES-001431,lokalita_druh,Activity Area,heslar:lokalita_druh
pozůstatek represe,remains of repression site,amcr,HES-001432,lokalita_druh,Activity Area,heslar:lokalita_druh
pozůstatek sídla elity,remains of manorial site,amcr,HES-001434,lokalita_druh,Activity Area,heslar:lokalita_druh
pozůstatek sídliště,remains of settlement,amcr,HES-001435,lokalita_druh,Activity Area,heslar:lokalita_druh
pozůstatek těžby,remains of extraction site,amcr,HES-001436,lokalita_druh,Activity Area,heslar:lokalita_druh
pozůstatek vojenství,remains of military site,amcr,HES-001437,lokalita_druh,Activity Area,heslar:lokalita_druh
pozůstatek výroby,remains of production site,amcr,HES-001438,lokalita_druh,Activity Area,heslar:lokalita_druh
protourbánní aglomerace,proto-urban agglomeration,amcr,HES-000075,areal,Activity Area,heslar:areal
předměstí,suburb,amcr,HES-000076,areal,Activity Area,heslar:areal
přehrada,dam,amcr,HES-000054,areal,Activity Area,heslar:areal
přírodní útvar s lidskou aktivitou,inhabited natural landform,amcr,HES-000133,lokalita_druh_kat,Activity Area,heslar:lokalita_druh_kat
rondel/rondeloid,roundel/rondeloid,amcr,HES-000012,areal,Activity Area,heslar:areal
rybník,pond,amcr,HES-000055,areal,Activity Area,heslar:areal
rýžoviště,panning site,amcr,HES-000035,areal,Activity Area,heslar:areal
samostatná usedlost,individual homestead,amcr,HES-000067,areal,Activity Area,heslar:areal
sklárna,glassworks,amcr,HES-000030,areal,Activity Area,heslar:areal
stanice/tábořiště,camp,amcr,HES-000066,areal,Activity Area,heslar:areal
strážnice/předsunutá bašta,outpost/watchtower,amcr,HES-000045,areal,Activity Area,heslar:areal
synagoga,synagogue,amcr,HES-000024,areal,Activity Area,heslar:areal
sídliště,settlement,amcr,HES-000081,areal,Activity Area,heslar:areal
sídliště specializované komunity,special-community settlement,amcr,HES-000070,areal,Activity Area,heslar:areal
sídlo elity,elite settlement,amcr,HES-000013,areal,Activity Area,heslar:areal
tvrz/hrádek,fortified manor,amcr,HES-000017,areal,Activity Area,heslar:areal
těžba,mining activity,amcr,HES-000004,aktivita,Activity Area,heslar:aktivita
vesnice/městečko,village/town,amcr,HES-000068,areal,Activity Area,heslar:areal
vodní dílo,hydraulic structure,amcr,HES-000082,areal,Activity Area,heslar:areal
vojenský tábor,military camp,amcr,HES-000046,areal,Activity Area,heslar:areal
výroba,production activity,amcr,HES-000003,aktivita,Activity Area,heslar:aktivita
výšinné sídliště,hill settlement,amcr,HES-000069,areal,Activity Area,heslar:areal
zahrada,garden,amcr,HES-000526,objekt_druh,Activity Area,override:amcr:HES-000526
zahrada/sad,garden,amcr,HES-000040,areal,Activity Area,heslar:areal
zaniklý/historický areál,deserted/historical site,amcr,HES-000134,lokalita_druh_kat,Activity Area,heslar:lokalita_druh_kat
zničený prostor,destroyed site,amcr,HES-000063,areal,Activity Area,heslar:areal
zámek/zámeček/vila,chateau/villa,amcr,HES-000018,areal,Activity Area,heslar:areal
železnice,railway,amcr,HES-000050,areal,Activity Area,heslar:areal
železářský areál,iron production site,amcr,HES-000031,areal,Activity Area,heslar:areal
akvamanile,aquamanile,amcr,HES-000651,predmet_druh,Artefact,heslar:predmet_druh
amfora,amphorae,amcr,HES-000652,predmet_druh,Artefact,heslar:predmet_druh
amorfní zlomek/předmět,amorphous fragment/object,amcr,HES-000707,predmet_druh,Artefact,heslar:predmet_druh
architektonický článek,architectural element,amcr,HES-000709,predmet_druh,Artefact,heslar:predmet_druh
atypický předmět,exceptional object,amcr,HES-000708,predmet_druh,Artefact,heslar:predmet_druh
bankovka,paper money,amcr,HES-000650,predmet_druh,Artefact,heslar:predmet_druh
brousek,whetstone,amcr,HES-000803,predmet_druh,Artefact,heslar:predmet_druh
brusle,ice skate,amcr,HES-000743,predmet_druh,Artefact,heslar:predmet_druh
bulava,club,amcr,HES-000785,predmet_druh,Artefact,heslar:predmet_druh
běžný nález,common find,amcr,HES-000842,predmet_druh_kat,Artefact,heslar:predmet_druh_kat
břitva,razor,amcr,HES-000661,predmet_druh,Artefact,heslar:predmet_druh
cedník,colander,amcr,HES-000682,predmet_druh,Artefact,heslar:predmet_druh
cihla,brick,amcr,HES-000813,predmet_druh,Artefact,heslar:predmet_druh
deska,board,amcr,HES-000712,predmet_druh,Artefact,heslar:predmet_druh
dlaždice,floor tile,amcr,HES-000678,predmet_druh,Artefact,heslar:predmet_druh
dláto,chisel,amcr,HES-000824,predmet_druh,Artefact,heslar:predmet_druh
doklad umění/kultu,artistic/ritual object,amcr,HES-000641,predmet_druh,Artefact,heslar:predmet_druh
drasadlo,side scraper,amcr,HES-000715,predmet_druh,Artefact,heslar:predmet_druh
drtidlo/zrnotěrka,handstone/saddle quern,amcr,HES-000795,predmet_druh,Artefact,heslar:predmet_druh
drát,wire,amcr,HES-000782,predmet_druh,Artefact,heslar:predmet_druh
dyzna,nozzle,amcr,HES-000689,predmet_druh,Artefact,heslar:predmet_druh
dýka,dagger,amcr,HES-000820,predmet_druh,Artefact,heslar:predmet_druh
dýmka,pipe,amcr,HES-000635,predmet_druh,Artefact,heslar:predmet_druh
džbán,jug,amcr,HES-000636,predmet_druh,Artefact,heslar:predmet_druh
ekofakt,ecofact,amcr,HES-000775,predmet_druh,Artefact,heslar:predmet_druh
faléra,phalera,amcr,HES-000745,predmet_druh,Artefact,heslar:predmet_druh
funkčně neurčený předmět,object of unspecified function,amcr,HES-000846,predmet_druh_kat,Artefact,heslar:predmet_druh_kat
gemma,gem,amcr,HES-000731,predmet_druh,Artefact,heslar:predmet_druh
gombík,spherical button,amcr,HES-000693,predmet_druh,Artefact,heslar:predmet_druh
herní předmět,game equipment,amcr,HES-000681,predmet_druh,Artefact,heslar:predmet_druh
hladítko,smoother,amcr,HES-000825,predmet_druh,Artefact,heslar:predmet_druh
hrací kostka,dice,amcr,HES-000696,predmet_druh,Artefact,heslar:predmet_druh
hrací kámen,game piece,amcr,HES-000684,predmet_druh,Artefact,heslar:predmet_druh
hrnec,pot,amcr,HES-000768,predmet_druh,Artefact,heslar:predmet_druh
hrot/hák,spike/hook,amcr,HES-000783,predmet_druh,Artefact,heslar:predmet_druh
hudební nástroj,musical instrument,amcr,HES-000749,predmet_druh,Artefact,heslar:predmet_druh
hřeb/hřebík/nýt,nail/rivet,amcr,HES-000679,predmet_druh,Artefact,heslar:predmet_druh
hřeben,comb,amcr,HES-000826,predmet_druh,Artefact,heslar:predmet_druh
hřivna,ingot,amcr,HES-000829,predmet_druh,Artefact,heslar:predmet_druh
jehla/špendlík,needle/pin,amcr,HES-000804,predmet_druh,Artefact,heslar:predmet_druh
jehlice,clothing pin,amcr,HES-000699,predmet_druh,Artefact,heslar:predmet_druh
kachel,stove tile,amcr,HES-000736,predmet_druh,Artefact,heslar:predmet_druh
kadlub,mold,amcr,HES-000716,predmet_druh,Artefact,heslar:predmet_druh
kamenná industrie,lithics,amcr,HES-000640,predmet_druh,Artefact,heslar:predmet_druh
kamenné jádro,stone core,amcr,HES-000776,predmet_druh,Artefact,heslar:predmet_druh
kaptorga,kaptorga (metal pendant case),amcr,HES-000700,predmet_druh,Artefact,heslar:predmet_druh
kladivo/palice,hammer/sledgehammer,amcr,HES-000796,predmet_druh,Artefact,heslar:predmet_druh
kleště,pliers,amcr,HES-000797,predmet_druh,Artefact,heslar:predmet_druh
klín,wedge,amcr,HES-000717,predmet_druh,Artefact,heslar:predmet_druh
klíč,key,amcr,HES-000728,predmet_druh,Artefact,heslar:predmet_druh
kniha,book,amcr,HES-000840,predmet_druh,Artefact,heslar:predmet_druh
knoflík,button,amcr,HES-000675,predmet_druh,Artefact,heslar:predmet_druh
koflík,cup,amcr,HES-000769,predmet_druh,Artefact,heslar:predmet_druh
konvice,pitcher,amcr,HES-000690,predmet_druh,Artefact,heslar:predmet_druh
kopí/hrot kopí,spear/spearhead,amcr,HES-000821,predmet_druh,Artefact,heslar:predmet_druh
korálek,bead,amcr,HES-000663,predmet_druh,Artefact,heslar:predmet_druh
kosa,scythe,amcr,HES-000798,predmet_druh,Artefact,heslar:predmet_druh
kost,single bone,amcr,HES-000753,predmet_druh,Artefact,heslar:predmet_druh
kostra,skeleton,amcr,HES-000642,predmet_druh,Artefact,heslar:predmet_druh
kotel/kotlík,kettle,amcr,HES-000770,predmet_druh,Artefact,heslar:predmet_druh
kovadlina,anvil,amcr,HES-000654,predmet_druh,Artefact,heslar:predmet_druh
kování,mount,amcr,HES-000694,predmet_druh,Artefact,heslar:predmet_druh
kroužek/kruh,circle/ring,amcr,HES-000764,predmet_druh,Artefact,heslar:predmet_druh
kulička/koule,ball/sphere,amcr,HES-000760,predmet_druh,Artefact,heslar:predmet_druh
kuše,crossbow,amcr,HES-000822,predmet_druh,Artefact,heslar:predmet_druh
křesadlo/ocílka,firesteel,amcr,HES-000729,predmet_druh,Artefact,heslar:predmet_druh
křížek,cross,amcr,HES-000664,predmet_druh,Artefact,heslar:predmet_druh
kůl,pole,amcr,HES-000737,predmet_druh,Artefact,heslar:predmet_druh
lahev,bottle,amcr,HES-000691,predmet_druh,Artefact,heslar:predmet_druh
lampa/kahan,lamp/burner,amcr,HES-000695,predmet_druh,Artefact,heslar:predmet_druh
listina,deed,amcr,HES-000670,predmet_druh,Artefact,heslar:predmet_druh
lopata/rýč,shovel/spade,amcr,HES-000655,predmet_druh,Artefact,heslar:predmet_druh
luk,bow,amcr,HES-000823,predmet_druh,Artefact,heslar:predmet_druh
lžíce,spoon,amcr,HES-000730,predmet_druh,Artefact,heslar:predmet_druh
malakofauna,mollusca,amcr,HES-000777,predmet_druh,Artefact,heslar:predmet_druh
meč,sword,amcr,HES-000786,predmet_druh,Artefact,heslar:predmet_druh
militaria,weapons and armour,amcr,HES-000784,predmet_druh,Artefact,heslar:predmet_druh
mince,coin,amcr,HES-000794,predmet_druh,Artefact,heslar:predmet_druh
motyka/krumpáč,mattock/pickaxe,amcr,HES-000799,predmet_druh,Artefact,heslar:predmet_druh
mísa,bowl,amcr,HES-000719,predmet_druh,Artefact,heslar:predmet_druh
nehotový výrobek/polotovar,semiproduct/blank,amcr,HES-000828,predmet_druh,Artefact,heslar:predmet_druh
nádoba,vessel,amcr,HES-000714,predmet_druh,Artefact,heslar:predmet_druh
náhrdelník,necklace,amcr,HES-000835,predmet_druh,Artefact,heslar:predmet_druh
nákončí,mordant,amcr,HES-000668,predmet_druh,Artefact,heslar:predmet_druh
nákrčník,neck ring,amcr,HES-000665,predmet_druh,Artefact,heslar:predmet_druh
nánožník,anklet,amcr,HES-000836,predmet_druh,Artefact,heslar:predmet_druh
nápažník,armlet,amcr,HES-000812,predmet_druh,Artefact,heslar:predmet_druh
náprstek,thimble,amcr,HES-000805,predmet_druh,Artefact,heslar:predmet_druh
náramek,bracelet,amcr,HES-000666,predmet_druh,Artefact,heslar:predmet_druh
nástroj hrubý,utensil,amcr,HES-000653,predmet_druh,Artefact,heslar:predmet_druh
nástroj jemný,instrument,amcr,HES-000727,predmet_druh,Artefact,heslar:predmet_druh
nátepní destička,wrist guard,amcr,HES-000734,predmet_druh,Artefact,heslar:predmet_druh
náušnice,earring,amcr,HES-000667,predmet_druh,Artefact,heslar:predmet_druh
nůž,knife,amcr,HES-000806,predmet_druh,Artefact,heslar:predmet_druh
nůžky,scissors,amcr,HES-000807,predmet_druh,Artefact,heslar:predmet_druh
obuv,footwear,amcr,HES-000735,predmet_druh,Artefact,heslar:predmet_druh
odpad,waste,amcr,HES-000778,predmet_druh,Artefact,heslar:predmet_druh
odpad stavební,construction waste,amcr,HES-000779,predmet_druh,Artefact,heslar:predmet_druh
odpad výrobní,production waste,amcr,HES-000780,predmet_druh,Artefact,heslar:predmet_druh
okenní výplň,window panes,amcr,HES-000738,predmet_druh,Artefact,heslar:predmet_druh
omítka,plaster,amcr,HES-000739,predmet_druh,Artefact,heslar:predmet_druh
opasek,belt,amcr,HES-000676,predmet_druh,Artefact,heslar:predmet_druh
ostruha,spur,amcr,HES-000787,predmet_druh,Artefact,heslar:predmet_druh
ostění,jamb,amcr,HES-000710,predmet_druh,Artefact,heslar:predmet_druh
otloukač,hammerstone,amcr,HES-000656,predmet_druh,Artefact,heslar:predmet_druh
ozdoba,adornment,amcr,HES-000834,predmet_druh,Artefact,heslar:predmet_druh
oštěp/hrot oštěpu,javelin/javelin head,amcr,HES-000788,predmet_druh,Artefact,heslar:predmet_druh
pekáč,baking pan,amcr,HES-000761,predmet_druh,Artefact,heslar:predmet_druh
pila,saw,amcr,HES-000657,predmet_druh,Artefact,heslar:predmet_druh
pilník,file,amcr,HES-000800,predmet_druh,Artefact,heslar:predmet_druh
pinzeta,tweezers,amcr,HES-000808,predmet_druh,Artefact,heslar:predmet_druh
plastika/soška,sculpture/statue,amcr,HES-000750,predmet_druh,Artefact,heslar:predmet_druh
plastika/soška antropomorfní,anthropomorphic sculpture/statue,amcr,HES-000751,predmet_druh,Artefact,heslar:predmet_druh
plastika/soška zoomorfní,zoomorphic sculpture/statue,amcr,HES-000752,predmet_druh,Artefact,heslar:predmet_druh
platidlo,currency,amcr,HES-000848,predmet_druh_kat,Artefact,heslar:predmet_druh_kat
plech,metal sheet,amcr,HES-000680,predmet_druh,Artefact,heslar:predmet_druh
pochva/pouzdro,sheath,amcr,HES-000677,predmet_druh,Artefact,heslar:predmet_druh
podkova,horseshoe,amcr,HES-000746,predmet_druh,Artefact,heslar:predmet_druh
pohár/číše,beaker/goblet,amcr,HES-000722,predmet_druh,Artefact,heslar:predmet_druh
pojivo,binder,amcr,HES-000740,predmet_druh,Artefact,heslar:predmet_druh
poklička,lid,amcr,HES-000724,predmet_druh,Artefact,heslar:predmet_druh
popelnice,urn,amcr,HES-000726,predmet_druh,Artefact,heslar:predmet_druh
portál,portal,amcr,HES-000711,predmet_druh,Artefact,heslar:predmet_druh
postroj/doprava,harness/transportation,amcr,HES-000742,predmet_druh,Artefact,heslar:predmet_druh
potrubí,plumbing pipe,amcr,HES-000741,predmet_druh,Artefact,heslar:predmet_druh
pražnice,frying pan,amcr,HES-000771,predmet_druh,Artefact,heslar:predmet_druh
prejz,pantile,amcr,HES-000773,predmet_druh,Artefact,heslar:predmet_druh
prkno/fošna,board/plank,amcr,HES-000687,predmet_druh,Artefact,heslar:predmet_druh
projektil/kule/munice,projectile/bullet/ammunition,amcr,HES-000755,predmet_druh,Artefact,heslar:predmet_druh
prsten,finger ring,amcr,HES-000669,predmet_druh,Artefact,heslar:predmet_druh
průvlečka,clothing buckle,amcr,HES-000683,predmet_druh,Artefact,heslar:predmet_druh
pánev,pan,amcr,HES-000720,predmet_druh,Artefact,heslar:predmet_druh
písemnost,written document,amcr,HES-000839,predmet_druh,Artefact,heslar:predmet_druh
přechovávaná přírodnina,natural object,amcr,HES-000643,predmet_druh,Artefact,heslar:predmet_druh
přeslen,spindle whorl,amcr,HES-000809,predmet_druh,Artefact,heslar:predmet_druh
přezka,buckle,amcr,HES-000732,predmet_druh,Artefact,heslar:predmet_druh
přívěsek/závěsek,pendant,amcr,HES-000837,predmet_druh,Artefact,heslar:predmet_druh
rakev,coffin,amcr,HES-000704,predmet_druh,Artefact,heslar:predmet_druh
rolnička,jingle bell,amcr,HES-000701,predmet_druh,Artefact,heslar:predmet_druh
rostlinné makrozbytky,plant macro-remain,amcr,HES-000644,predmet_druh,Artefact,heslar:predmet_druh
ruda,ore,amcr,HES-000830,predmet_druh,Artefact,heslar:predmet_druh
rydlo,graver,amcr,HES-000810,predmet_druh,Artefact,heslar:predmet_druh
růženec/medailon,rosary/medallion,amcr,HES-000702,predmet_druh,Artefact,heslar:predmet_druh
sekera,axe,amcr,HES-000802,predmet_druh,Artefact,heslar:predmet_druh
sekeromlat/mlat,hammer axe,amcr,HES-000789,predmet_druh,Artefact,heslar:predmet_druh
sekáč,chopper,amcr,HES-000801,predmet_druh,Artefact,heslar:predmet_druh
skořápka plodu,fruit shell/nutshell,amcr,HES-000754,predmet_druh,Artefact,heslar:predmet_druh
slitek,bloom,amcr,HES-000831,predmet_druh,Artefact,heslar:predmet_druh
součást hrobu,grave component,amcr,HES-000673,predmet_druh,Artefact,heslar:predmet_druh
součást oděvu,costume component,amcr,HES-000674,predmet_druh,Artefact,heslar:predmet_druh
součást pluhu,plow component,amcr,HES-000658,predmet_druh,Artefact,heslar:predmet_druh
součást postroje,harness component,amcr,HES-000747,predmet_druh,Artefact,heslar:predmet_druh
součást vozu,cargo vehicle component,amcr,HES-000703,predmet_druh,Artefact,heslar:predmet_druh
součást zbroje,armor component,amcr,HES-000648,predmet_druh,Artefact,heslar:predmet_druh
součást štítu,shield part,amcr,HES-000790,predmet_druh,Artefact,heslar:predmet_druh
spona,fibula,amcr,HES-000733,predmet_druh,Artefact,heslar:predmet_druh
srp,sickle,amcr,HES-000659,predmet_druh,Artefact,heslar:predmet_druh
stavební keramika,construction ceramics,amcr,HES-000748,predmet_druh,Artefact,heslar:predmet_druh
stavební/spojovací prvek,structural element component,amcr,HES-000757,predmet_druh,Artefact,heslar:predmet_druh
stilus,stylus,amcr,HES-000811,predmet_druh,Artefact,heslar:predmet_druh
struska,slag,amcr,HES-000645,predmet_druh,Artefact,heslar:predmet_druh
střešní krytina,roofing tile,amcr,HES-000815,predmet_druh,Artefact,heslar:predmet_druh
surovina,raw material,amcr,HES-000832,predmet_druh,Artefact,heslar:predmet_druh
talíř,plate,amcr,HES-000766,predmet_druh,Artefact,heslar:predmet_druh
technická keramika,technical ceramics,amcr,HES-000774,predmet_druh,Artefact,heslar:predmet_druh
tesák,dussack,amcr,HES-000793,predmet_druh,Artefact,heslar:predmet_druh
trám,beam,amcr,HES-000816,predmet_druh,Artefact,heslar:predmet_druh
tyglík,crucible,amcr,HES-000772,predmet_druh,Artefact,heslar:predmet_druh
tyčinka/váleček,rod/log,amcr,HES-000765,predmet_druh,Artefact,heslar:predmet_druh
třmen,stirrup,amcr,HES-000671,predmet_druh,Artefact,heslar:predmet_druh
udidlo,bridle bit,amcr,HES-000672,predmet_druh,Artefact,heslar:predmet_druh
uhlíky/popel,charcoal/ash,amcr,HES-000781,predmet_druh,Artefact,heslar:predmet_druh
valoun,pebble,amcr,HES-000833,predmet_druh,Artefact,heslar:predmet_druh
vejce,eggshell,amcr,HES-000646,predmet_druh,Artefact,heslar:predmet_druh
vzorek,sample,amcr,HES-000818,predmet_druh,Artefact,heslar:predmet_druh
vzorek antrakologický,anthracological sample,amcr,HES-000763,predmet_druh,Artefact,heslar:predmet_druh
vzorek dendrochronologický,dendrochronological sample,amcr,HES-000758,predmet_druh,Artefact,heslar:predmet_druh
vzorek geologický,geological sample,amcr,HES-000685,predmet_druh,Artefact,heslar:predmet_druh
vzorek malakologický,malacological sample,amcr,HES-000686,predmet_druh,Artefact,heslar:predmet_druh
vzorek paleobotanický,palaeobotanical sample,amcr,HES-000698,predmet_druh,Artefact,heslar:predmet_druh
vzorek palynologický,palynological sample,amcr,HES-000692,predmet_druh,Artefact,heslar:predmet_druh
vzorek pedologický,pedological sample,amcr,HES-000697,predmet_druh,Artefact,heslar:predmet_druh
vzorek pro radiokarbonové datování,radiocarbon dating sample,amcr,HES-000759,predmet_druh,Artefact,heslar:predmet_druh
váza,vase,amcr,HES-000841,predmet_druh,Artefact,heslar:predmet_druh
vědro/situla,bucket/situla,amcr,HES-000819,predmet_druh,Artefact,heslar:predmet_druh
zavazadlo,luggage,amcr,HES-000638,predmet_druh,Artefact,heslar:predmet_druh
zbraň chladná,cold weapon,amcr,HES-000713,predmet_druh,Artefact,heslar:predmet_druh
zbraň palná,firearm,amcr,HES-000649,predmet_druh,Artefact,heslar:predmet_druh
zlomek keramiky,potsherd,amcr,HES-000705,predmet_druh,Artefact,heslar:predmet_druh
zlomek kosti,bone fragment,amcr,HES-000639,predmet_druh,Artefact,heslar:predmet_druh
zlomek mazanice,daub fragment,amcr,HES-000706,predmet_druh,Artefact,heslar:predmet_druh
zub,tooth,amcr,HES-000647,predmet_druh,Artefact,heslar:predmet_druh
zámek,lock,amcr,HES-000817,predmet_druh,Artefact,heslar:predmet_druh
zápona,clasp,amcr,HES-000637,predmet_druh,Artefact,heslar:predmet_druh
zásobnice,storage vessel,amcr,HES-000767,predmet_druh,Artefact,heslar:predmet_druh
záušnice,temple ring,amcr,HES-000838,predmet_druh,Artefact,heslar:predmet_druh
závaží,weight,amcr,HES-000718,predmet_druh,Artefact,heslar:predmet_druh
závaží rybářské,net weight,amcr,HES-000721,predmet_druh,Artefact,heslar:predmet_druh
závaží tkalcovské,loom weight,amcr,HES-000723,predmet_druh,Artefact,heslar:predmet_druh
čepel/čepelka,blade/small blade,amcr,HES-000662,predmet_druh,Artefact,heslar:predmet_druh
člun,boat,amcr,HES-000744,predmet_druh,Artefact,heslar:predmet_druh
řetízek,chain necklace,amcr,HES-000756,predmet_druh,Artefact,heslar:predmet_druh
řetěz,chain,amcr,HES-000814,predmet_druh,Artefact,heslar:predmet_druh
šavle,sabre,amcr,HES-000791,predmet_druh,Artefact,heslar:predmet_druh
škrabadlo,endscraper,amcr,HES-000660,predmet_druh,Artefact,heslar:predmet_druh
šídlo,awl,amcr,HES-000827,predmet_druh,Artefact,heslar:predmet_druh
šíp/šipka/hrot šípu/šipky,arrow/arrowhead,amcr,HES-000792,predmet_druh,Artefact,heslar:predmet_druh
žernov/mlýnský kámen,quern,amcr,HES-000725,predmet_druh,Artefact,heslar:predmet_druh
žeton,token,amcr,HES-000762,predmet_druh,Artefact,heslar:predmet_druh
HaD–LtA,HaD–LtA,amcr,HES-000309,obdobi,Chronology,heslar:obdobi
aurignacien,Aurignacian,amcr,HES-000262,obdobi,Chronology,heslar:obdobi
badenská kultura,Baden Culture,amcr,HES-000317,obdobi,Chronology,heslar:obdobi
billendorfská kultura,Billendorf Culture,amcr,HES-000330,obdobi,Chronology,heslar:obdobi
billendorfská kultura (HaC),Billendorf Culture (HaC),amcr,HES-000377,obdobi,Chronology,heslar:obdobi
bohunicien,Bohunician,amcr,HES-000261,obdobi,Chronology,heslar:obdobi
bošácká skupina,Bošáca Group,amcr,HES-000357,obdobi,Chronology,heslar:obdobi
bylanská kultura,Bylany Culture,amcr,HES-000331,obdobi,Chronology,heslar:obdobi
chamská kultura,Cham Culture,amcr,HES-000371,obdobi,Chronology,heslar:obdobi
chebská kultura,Cheb Culture,amcr,HES-000294,obdobi,Chronology,heslar:obdobi
datace neurčena,unspecified dating,amcr,HES-000316,obdobi,Chronology,heslar:obdobi
doba bronzová,Bronze Age,amcr,HES-000390,obdobi,Chronology,heslar:obdobi
doba bronzová–halštatská,Bronze Age–Hallstatt Period,amcr,HES-000384,obdobi,Chronology,heslar:obdobi
doba halštatská,Hallstatt Period,amcr,HES-000354,obdobi,Chronology,heslar:obdobi
doba halštatská–laténská,Hallstatt–La Tène Period,amcr,HES-000334,obdobi,Chronology,heslar:obdobi
doba laténská,La Tène Period,amcr,HES-000254,obdobi,Chronology,heslar:obdobi
doba laténská–římská,La Tène–Roman Period,amcr,HES-000288,obdobi,Chronology,heslar:obdobi
doba stěhování národů,Migration Period,amcr,HES-000342,obdobi,Chronology,heslar:obdobi
doba římská,Roman Period,amcr,HES-000335,obdobi,Chronology,heslar:obdobi
doba římská–stěhování národů,Roman–Migration Period,amcr,HES-000346,obdobi,Chronology,heslar:obdobi
dobrodzieńská skupina,Dobrodzień Group,amcr,HES-000344,obdobi,Chronology,heslar:obdobi
eneolit,Eneolithic,amcr,HES-000285,obdobi,Chronology,heslar:obdobi
epigravettien,Epigravettian,amcr,HES-000263,obdobi,Chronology,heslar:obdobi
epimagdalénien,Epimagdalenian,amcr,HES-000265,obdobi,Chronology,heslar:obdobi
gravettien,Gravettian,amcr,HES-000311,obdobi,Chronology,heslar:obdobi
halštatská mohylová kultura,Hallstatt Tumulus Culture,amcr,HES-000332,obdobi,Chronology,heslar:obdobi
hatvanská kultura,Hatvan Culture,amcr,HES-000320,obdobi,Chronology,heslar:obdobi
horákovská kultura,Horákov Culture,amcr,HES-000307,obdobi,Chronology,heslar:obdobi
industriální období,Industrial Period,amcr,HES-000347,obdobi,Chronology,heslar:obdobi
industriální období 1,Industrial Period 1,amcr,HES-000348,obdobi,Chronology,heslar:obdobi
industriální období 2,Industrial Period 2,amcr,HES-000349,obdobi,Chronology,heslar:obdobi
jevišovická kultura,Jevišovice Culture,amcr,HES-000373,obdobi,Chronology,heslar:obdobi
jordanovská kultura,Jordanów Culture,amcr,HES-000287,obdobi,Chronology,heslar:obdobi
knovízská kultura,Knovíz Culture,amcr,HES-000293,obdobi,Chronology,heslar:obdobi
kobylská skupina,Kobyly Group,amcr,HES-000259,obdobi,Chronology,heslar:obdobi
krumlovien,Krumlovian,amcr,HES-000314,obdobi,Chronology,heslar:obdobi
kultura Chlopice-Veselé,Chlopice-Veselé Culture,amcr,HES-000352,obdobi,Chronology,heslar:obdobi
kultura Kosihy-Čaka,Kosihy-Čaka Culture,amcr,HES-000351,obdobi,Chronology,heslar:obdobi
kultura Retz-Bajč-Křepice,Retz-Bajč-Křepice (Furchenstich) Culture,amcr,HES-000367,obdobi,Chronology,heslar:obdobi
kultura kulovitých amfor,Globular Amphora Culture,amcr,HES-000279,obdobi,Chronology,heslar:obdobi
kultura münchshöfenská,Münchshofen Culture,amcr,HES-000389,obdobi,Chronology,heslar:obdobi
kultura nálevkovitých pohárů,Funnel Beaker Culture,amcr,HES-000368,obdobi,Chronology,heslar:obdobi
kultura przeworská,Przeworsk Culture,amcr,HES-000257,obdobi,Chronology,heslar:obdobi
kultura púchovská,Púchov Culture,amcr,HES-000256,obdobi,Chronology,heslar:obdobi
kultura s lineární keramikou,Linear Pottery Culture,amcr,HES-000269,obdobi,Chronology,heslar:obdobi
kultura s moravskou malovanou keramikou 1,Moravian Painted Ware Culture 1,amcr,HES-000362,obdobi,Chronology,heslar:obdobi
kultura s moravskou malovanou keramikou 2,Moravian Painted Ware Culture 2,amcr,HES-000363,obdobi,Chronology,heslar:obdobi
kultura s vypíchanou keramikou,Stroke Pottery Culture,amcr,HES-000361,obdobi,Chronology,heslar:obdobi
kultura se šňůrovou keramikou,Corded Ware Culture,amcr,HES-000375,obdobi,Chronology,heslar:obdobi
kultura zvoncovitých pohárů,Bell Beaker Culture,amcr,HES-000318,obdobi,Chronology,heslar:obdobi
lengyelská kultura,Lengyel Culture,amcr,HES-000306,obdobi,Chronology,heslar:obdobi
lužická kultura,Lusatian Culture,amcr,HES-000337,obdobi,Chronology,heslar:obdobi
magdalénien,Magdalenian,amcr,HES-000283,obdobi,Chronology,heslar:obdobi
mezolit,Mesolithic,amcr,HES-000275,obdobi,Chronology,heslar:obdobi
michelsberská kultura,Michelsberg Culture,amcr,HES-000365,obdobi,Chronology,heslar:obdobi
micoquien,Micoquien,amcr,HES-000292,obdobi,Chronology,heslar:obdobi
milavečská kultura,Milavče Culture,amcr,HES-000339,obdobi,Chronology,heslar:obdobi
miškovický typ,Míškovice Type,amcr,HES-000282,obdobi,Chronology,heslar:obdobi
mladší doba bronzová,Late Bronze Age,amcr,HES-000290,obdobi,Chronology,heslar:obdobi
mladší doba halštatská (HaD2–3),Late Hallstatt Period (HaD2–3),amcr,HES-000310,obdobi,Chronology,heslar:obdobi
mladší doba stěhování národů,Late Migration Period,amcr,HES-000345,obdobi,Chronology,heslar:obdobi
mladší doba římská,Late Roman Period,amcr,HES-000341,obdobi,Chronology,heslar:obdobi
mladší eneolit,Late Eneolithic,amcr,HES-000280,obdobi,Chronology,heslar:obdobi
mladší paleolit,Upper Palaeolithic,amcr,HES-000315,obdobi,Chronology,heslar:obdobi
mladší/pozdní eneolit,Late/Final Eneolithic,amcr,HES-000374,obdobi,Chronology,heslar:obdobi
mladší–pozdní doba laténská (LtC2–D),Late–Final La Tène Period (LtC2–D),amcr,HES-000255,obdobi,Chronology,heslar:obdobi
mladší–pozdní eneolit,Late–Final Eneolithic,amcr,HES-001479,obdobi_kat,Chronology,heslar:obdobi_kat
moustérien,Mousterian,amcr,HES-000312,obdobi,Chronology,heslar:obdobi
neolit,Neolithic,amcr,HES-000267,obdobi,Chronology,heslar:obdobi
neolit–eneolit,Neolithic–Eneolithic,amcr,HES-000387,obdobi,Chronology,heslar:obdobi
nitranská kultura,Nitra Culture,amcr,HES-000359,obdobi,Chronology,heslar:obdobi
novověk,Modern Period,amcr,HES-000252,obdobi,Chronology,heslar:obdobi
novověk 1,Modern Period 1,amcr,HES-000381,obdobi,Chronology,heslar:obdobi
novověk 2,Modern Period 2,amcr,HES-000382,obdobi,Chronology,heslar:obdobi
novověk–industriální období,Modern–Industrial Period,amcr,HES-000350,obdobi,Chronology,heslar:obdobi
nynická kultura,Nynice Culture,amcr,HES-000299,obdobi,Chronology,heslar:obdobi
období popelnicových polí,Urnfield Period,amcr,HES-000281,obdobi,Chronology,heslar:obdobi
oberlauterbašská skupina,Oberlauterbach Group,amcr,HES-000305,obdobi,Chronology,heslar:obdobi
ohrozimský typ,Ohrozim Type,amcr,HES-000369,obdobi,Chronology,heslar:obdobi
ostroměřská skupina,Ostroměř Group,amcr,HES-000266,obdobi,Chronology,heslar:obdobi
paleolit,Palaeolithic,amcr,HES-000253,obdobi,Chronology,heslar:obdobi
paleolit–mezolit,Palaeolithic–Mesolithic,amcr,HES-000284,obdobi,Chronology,heslar:obdobi
platěnická kultura,Platěnice Culture,amcr,HES-000300,obdobi,Chronology,heslar:obdobi
plaňanský typ,Plaňany Type,amcr,HES-000393,obdobi,Chronology,heslar:obdobi
podmokelská skupina,Podmokly Group,amcr,HES-000329,obdobi,Chronology,heslar:obdobi
podolská kultura,Podolí Culture,amcr,HES-000353,obdobi,Chronology,heslar:obdobi
pozdní doba bronzová,Final Bronze Age,amcr,HES-000383,obdobi,Chronology,heslar:obdobi
pozdní doba laténská (LtD),Final La Tène Period (LtD),amcr,HES-000258,obdobi,Chronology,heslar:obdobi
pozdní paleolit,Epipalaeolithic,amcr,HES-000264,obdobi,Chronology,heslar:obdobi
pozdní středohradištní období,Final Middle Hillfort Period,amcr,HES-000278,obdobi,Chronology,heslar:obdobi
pozdní středověk,Late Middle Ages,amcr,HES-000271,obdobi,Chronology,heslar:obdobi
pozdněhradištní období,Final Hillfort Period,amcr,HES-000326,obdobi,Chronology,heslar:obdobi
pravěk,prehistory,amcr,HES-000289,obdobi,Chronology,heslar:obdobi
protoúnětická kultura,Proto-Únětice Culture,amcr,HES-000391,obdobi,Chronology,heslar:obdobi
přechod pozdní středověk/novověk,Late Middle Ages/Modern Transition,amcr,HES-000272,obdobi,Chronology,heslar:obdobi
přechod raný/vrcholný středověk,Early/High Middle Ages Transition,amcr,HES-000270,obdobi,Chronology,heslar:obdobi
rané mladohradištní období,Early Late Hillfort Period,amcr,HES-000356,obdobi,Chronology,heslar:obdobi
rané středohradištní období,Early Middle Hillfort Period,amcr,HES-000277,obdobi,Chronology,heslar:obdobi
raný středověk,Early Middle Ages,amcr,HES-000385,obdobi,Chronology,heslar:obdobi
raný středověk 1,Early Middle Ages 1,amcr,HES-000386,obdobi,Chronology,heslar:obdobi
raný středověk 2,Early Middle Ages 2,amcr,HES-000301,obdobi,Chronology,heslar:obdobi
raný středověk 2–4,Early Middle Ages 2–4,amcr,HES-000276,obdobi,Chronology,heslar:obdobi
raný středověk 3,Early Middle Ages 3,amcr,HES-000379,obdobi,Chronology,heslar:obdobi
raný středověk 4,Early Middle Ages 4,amcr,HES-000325,obdobi,Chronology,heslar:obdobi
saská lužická kultura,Saxonian-Lusatian Culture,amcr,HES-000388,obdobi,Chronology,heslar:obdobi
schusseriedská kultura,Schussenried Culture,amcr,HES-000364,obdobi,Chronology,heslar:obdobi
slezskoplatěnická kultura,Silesian-Platěnice Culture,amcr,HES-000295,obdobi,Chronology,heslar:obdobi
slezskoplatěnická kultura (HaB),Silesian-Platěnice Culture (HaB),amcr,HES-000296,obdobi,Chronology,heslar:obdobi
slezskoplatěnická kultura (HaC–D),Silesian–Platěnice Culture (HaC–D),amcr,HES-000378,obdobi,Chronology,heslar:obdobi
slezská kultura,Silesian Culture,amcr,HES-000298,obdobi,Chronology,heslar:obdobi
starší doba bronzová,Early Bronze Age,amcr,HES-000319,obdobi,Chronology,heslar:obdobi
starší doba halštatská (HaC–D1),Early Hallstatt Period (HaC–D1),amcr,HES-000376,obdobi,Chronology,heslar:obdobi
starší doba stěhování národů,Early Migration Period,amcr,HES-000343,obdobi,Chronology,heslar:obdobi
starší doba římská,Early Roman Period,amcr,HES-000336,obdobi,Chronology,heslar:obdobi
starší eneolit,Early Eneolithic,amcr,HES-000366,obdobi,Chronology,heslar:obdobi
starší neolit,Early Neolithic,amcr,HES-000268,obdobi,Chronology,heslar:obdobi
starší paleolit,Lower Palaeolithic,amcr,HES-000291,obdobi,Chronology,heslar:obdobi
střední doba bronzová,Middle Bronze Age,amcr,HES-000322,obdobi,Chronology,heslar:obdobi
střední doba laténská (LtB–C1),Middle La Tène Period (LtB–C1),amcr,HES-000333,obdobi,Chronology,heslar:obdobi
střední eneolit,Middle Eneolithic,amcr,HES-000370,obdobi,Chronology,heslar:obdobi
střední paleolit,Middle Palaeolithic,amcr,HES-000274,obdobi,Chronology,heslar:obdobi
střední/mladší doba laténská (LtC1–2),Middle/Late La Tène Period (LtC1–2),amcr,HES-001447,obdobi,Chronology,heslar:obdobi
střední–mladší neolit,Middle–Late Neolithic,amcr,HES-000360,obdobi,Chronology,heslar:obdobi
středodunajská mohylová kultura,Middle-Danubian Tumulus Culture,amcr,HES-000323,obdobi,Chronology,heslar:obdobi
středověk,Middle Ages,amcr,HES-000380,obdobi,Chronology,heslar:obdobi
středověk–novověk,Middle Ages–Modern Period,amcr,HES-000392,obdobi,Chronology,heslar:obdobi
szeletien,Szeletian,amcr,HES-000260,obdobi,Chronology,heslar:obdobi
taubachien,Taubachian,amcr,HES-000313,obdobi,Chronology,heslar:obdobi
turnovský typ,Turnov type,amcr,HES-000308,obdobi,Chronology,heslar:obdobi
velatická kultura,Velatice Culture,amcr,HES-000338,obdobi,Chronology,heslar:obdobi
vrcholný středověk,High Middle Ages,amcr,HES-000328,obdobi,Chronology,heslar:obdobi
vrcholný středověk–novověk,High Middle Ages–Modern Period,amcr,HES-000273,obdobi,Chronology,heslar:obdobi
vrcholný–pozdní středověk,High–Late Middle Ages,amcr,HES-000327,obdobi,Chronology,heslar:obdobi
vyspělé mladohradištní období,Advanced Late Hillfort Period,amcr,HES-000303,obdobi,Chronology,heslar:obdobi
vyspělé středohradištní období,Advanced Middle Hillfort Period,amcr,HES-000302,obdobi,Chronology,heslar:obdobi
věteřovská kultura,Věteřov Culture,amcr,HES-000321,obdobi,Chronology,heslar:obdobi
zemědělský pravěk,farming prehistory,amcr,HES-000304,obdobi,Chronology,heslar:obdobi
únětická kultura,Únětice Culture,amcr,HES-000358,obdobi,Chronology,heslar:obdobi
časná doba laténská (LtA),Early La Tène Period (LtA),amcr,HES-000355,obdobi,Chronology,heslar:obdobi
časný eneolit,Proto-Eneolithic,amcr,HES-000286,obdobi,Chronology,heslar:obdobi
českofalcká mohylová kultura,Bohemian-Palatinate Tumulus Culture,amcr,HES-000324,obdobi,Chronology,heslar:obdobi
řivnáčská kultura,Řivnáč Culture,amcr,HES-000372,obdobi,Chronology,heslar:obdobi
štítarská kultura,Štítary Culture,amcr,HES-000297,obdobi,Chronology,heslar:obdobi
šárecký typ,Šárka Type,amcr,HES-000394,obdobi,Chronology,heslar:obdobi
želiezovská skupina,Želizovce Group,amcr,HES-000340,obdobi,Chronology,heslar:obdobi
(polo)zemnice,pit house,amcr,HES-000497,objekt_druh,Feature,heslar:objekt_druh
bastion/reduta,bastion/redoubt,amcr,HES-000468,objekt_druh,Feature,heslar:objekt_druh
bašta,wall tower,amcr,HES-000528,objekt_druh,Feature,heslar:objekt_druh
brána,gate,amcr,HES-000529,objekt_druh,Feature,heslar:objekt_druh
budova hospodářská,non-residential building,amcr,HES-000440,objekt_druh,Feature,heslar:objekt_druh
budova obytná,residential building,amcr,HES-000439,objekt_druh,Feature,heslar:objekt_druh
budova/stavba,building/structure,amcr,HES-000438,objekt_druh,Feature,heslar:objekt_druh
cesta,roads,amcr,HES-000048,areal,Feature,override:amcr:HES-000048
chodba,corridor,amcr,HES-000494,objekt_druh,Feature,heslar:objekt_druh
cisterna,cistern,amcr,HES-000445,objekt_druh,Feature,heslar:objekt_druh
destrukční vrstva/souvrství,destruction layer/sequence,amcr,HES-000454,objekt_druh,Feature,heslar:objekt_druh
dláždění,pavement,amcr,HES-000492,objekt_druh,Feature,heslar:objekt_druh
erozní rýha,gully/ravine,amcr,HES-000471,objekt_druh,Feature,heslar:objekt_druh
geologická/přirozená vrstva,natural/geological layer,amcr,HES-000455,objekt_druh,Feature,heslar:objekt_druh
haltýř,spring house,amcr,HES-000478,objekt_druh,Feature,heslar:objekt_druh
hamr,hammer mill,amcr,HES-000545,objekt_druh,Feature,heslar:objekt_druh
hať,corduroy road,amcr,HES-000521,objekt_druh,Feature,heslar:objekt_druh
hliník,clay pit,amcr,HES-000512,objekt_druh,Feature,heslar:objekt_druh
hradba,defensive wall,amcr,HES-000530,objekt_druh,Feature,heslar:objekt_druh
hrob,grave,amcr,HES-000427,objekt_druh,Feature,heslar:objekt_druh
hrob komorový,chamber grave,amcr,HES-000428,objekt_druh,Feature,heslar:objekt_druh
hrob skříňkový,cist grave,amcr,HES-000429,objekt_druh,Feature,heslar:objekt_druh
hrobka,tomb,amcr,HES-000430,objekt_druh,Feature,heslar:objekt_druh
hráz,embankment/dam,amcr,HES-000493,objekt_druh,Feature,heslar:objekt_druh
inženýrské sítě,utilities,amcr,HES-000515,objekt_druh,Feature,heslar:objekt_druh
jeskyně/skalní prostor,cave/abri,amcr,HES-000472,objekt_druh,Feature,heslar:objekt_druh
jáma,pit,amcr,HES-000441,objekt_druh,Feature,heslar:objekt_druh
jáma kůlová/sloupová,stakehole/posthole,amcr,HES-000442,objekt_druh,Feature,heslar:objekt_druh
jáma odpadní/jímka,waste pit/cesspit,amcr,HES-000446,objekt_druh,Feature,heslar:objekt_druh
jáma stavební,construction pit,amcr,HES-000443,objekt_druh,Feature,heslar:objekt_druh
jáma zásobní,storage pit,amcr,HES-000444,objekt_druh,Feature,heslar:objekt_druh
kamna,stove,amcr,HES-000422,objekt_druh,Feature,heslar:objekt_druh
kanalizace,sewer,amcr,HES-000464,objekt_druh,Feature,heslar:objekt_druh
kaple,chapel,amcr,HES-000020,areal,Feature,override:amcr:HES-000020
kašna,fountain,amcr,HES-000479,objekt_druh,Feature,heslar:objekt_druh
klenba,vaults,amcr,HES-000495,objekt_druh,Feature,heslar:objekt_druh
kolektor,collector,amcr,HES-000516,objekt_druh,Feature,heslar:objekt_druh
konstrukční prvek,architectural element,amcr,HES-000491,objekt_druh,Feature,heslar:objekt_druh
kostel,church,amcr,HES-000021,areal,Feature,override:amcr:HES-000021
kostnice,ossuary,amcr,HES-000432,objekt_druh,Feature,heslar:objekt_druh
kovárna,blacksmith,amcr,HES-000546,objekt_druh,Feature,heslar:objekt_druh
kovářská výheň,forge,amcr,HES-000557,objekt_druh,Feature,heslar:objekt_druh
kultovní/sakrální objekt,ritual/sacral feature,amcr,HES-000525,objekt_druh,Feature,heslar:objekt_druh
křtitelnice,baptismal font,amcr,HES-000499,objekt_druh,Feature,heslar:objekt_druh
kůl/sloup,stake/post,amcr,HES-000447,objekt_druh,Feature,heslar:objekt_druh
lineární převýšený útvar,linear mound,amcr,HES-000538,objekt_druh,Feature,heslar:objekt_druh
lineární zahloubený útvar,linear depression,amcr,HES-000539,objekt_druh,Feature,heslar:objekt_druh
loch,larder (cellar),amcr,HES-000487,objekt_druh,Feature,heslar:objekt_druh
malba/freska,painting/fresco,amcr,HES-000540,objekt_druh,Feature,heslar:objekt_druh
menhir,menhir,amcr,HES-000500,objekt_druh,Feature,heslar:objekt_druh
mezní pás,field boundary,amcr,HES-000503,objekt_druh,Feature,heslar:objekt_druh
mezník/patník,milestone/boundary stone,amcr,HES-000522,objekt_druh,Feature,heslar:objekt_druh
milíř,charcoal kiln,amcr,HES-000554,objekt_druh,Feature,heslar:objekt_druh
mlýn,mill,amcr,HES-000028,areal,Feature,override:amcr:HES-000028
mohyla,burial mound,amcr,HES-000431,objekt_druh,Feature,heslar:objekt_druh
most,bridge,amcr,HES-000523,objekt_druh,Feature,heslar:objekt_druh
motte,motte,amcr,HES-000531,objekt_druh,Feature,heslar:objekt_druh
místo těžby,extracting place,amcr,HES-000559,objekt_druh,Feature,heslar:objekt_druh
místo výroby,production place,amcr,HES-000544,objekt_druh,Feature,heslar:objekt_druh
místo zpracování,processing place,amcr,HES-000543,objekt_druh,Feature,heslar:objekt_druh
navážka,backfill,amcr,HES-000457,objekt_druh,Feature,heslar:objekt_druh
neklidný terén,uneven surface,amcr,HES-000568,objekt_druh,Feature,heslar:objekt_druh
nespecifikovaný reliéfní útvar,unspecified terrain feature,amcr,HES-000567,objekt_druh,Feature,heslar:objekt_druh
nika,niche,amcr,HES-000448,objekt_druh,Feature,heslar:objekt_druh
náhon,millrace,amcr,HES-000513,objekt_druh,Feature,heslar:objekt_druh
náhrobek/náhrobní kámen,gravestone,amcr,HES-000433,objekt_druh,Feature,heslar:objekt_druh
násep,bank,amcr,HES-000456,objekt_druh,Feature,heslar:objekt_druh
objekt/stopa výroby,production feature/trace,amcr,HES-000578,objekt_druh_kat,Feature,heslar:objekt_druh_kat
obval,spoil bank,amcr,HES-000561,objekt_druh,Feature,heslar:objekt_druh
odpadní vrstva/souvrství,waste layer/sequence,amcr,HES-000458,objekt_druh,Feature,heslar:objekt_druh
ohniště,fireplace,amcr,HES-000423,objekt_druh,Feature,heslar:objekt_druh
ohradní zeď/plot,wall/fence,amcr,HES-000532,objekt_druh,Feature,heslar:objekt_druh
ohrazení/fortifikace,enclosure/fortification,amcr,HES-000527,objekt_druh,Feature,heslar:objekt_druh
oltář,altar,amcr,HES-000501,objekt_druh,Feature,heslar:objekt_druh
otopná pec,oven,amcr,HES-000424,objekt_druh,Feature,heslar:objekt_druh
otopné zařízení,heating equipment,amcr,HES-000421,objekt_druh,Feature,heslar:objekt_druh
palebné postavení,gun emplacement,amcr,HES-000506,objekt_druh,Feature,heslar:objekt_druh
palisáda,palisade,amcr,HES-000507,objekt_druh,Feature,heslar:objekt_druh
palác,palace,amcr,HES-000481,objekt_druh,Feature,heslar:objekt_druh
parkánová hradba,zwinger wall,amcr,HES-000533,objekt_druh,Feature,heslar:objekt_druh
pec,kiln,amcr,HES-000477,objekt_druh,Feature,heslar:objekt_druh
pec chlebová,bake oven,amcr,HES-000552,objekt_druh,Feature,heslar:objekt_druh
pec cihlářská,brick oven,amcr,HES-000548,objekt_druh,Feature,heslar:objekt_druh
pec dehtářská,tar pit,amcr,HES-000549,objekt_druh,Feature,heslar:objekt_druh
pec hrnčířská,pottery kiln,amcr,HES-000550,objekt_druh,Feature,heslar:objekt_druh
pec hutnická,iron-smelting furnace,amcr,HES-000551,objekt_druh,Feature,heslar:objekt_druh
pec kovolitecká,foundry,amcr,HES-000553,objekt_druh,Feature,heslar:objekt_druh
pec sklářská,glass furnace,amcr,HES-000555,objekt_druh,Feature,heslar:objekt_druh
pec vápenická,lime kiln,amcr,HES-000556,objekt_druh,Feature,heslar:objekt_druh
pilota,pier,amcr,HES-000450,objekt_druh,Feature,heslar:objekt_druh
pilíř,pillar,amcr,HES-000449,objekt_druh,Feature,heslar:objekt_druh
pinka,binge,amcr,HES-000562,objekt_druh,Feature,heslar:objekt_druh
plošina,platform,amcr,HES-000569,objekt_druh,Feature,heslar:objekt_druh
plužina,field system,amcr,HES-000504,objekt_druh,Feature,heslar:objekt_druh
podlaha (konstrukce),floor (construction),amcr,HES-000451,objekt_druh,Feature,heslar:objekt_druh
podlaha (vrstva/souvrství),floor layer/sequence,amcr,HES-000459,objekt_druh,Feature,heslar:objekt_druh
pohřeb kostrový,inhumation burial,amcr,HES-000434,objekt_druh,Feature,heslar:objekt_druh
pohřeb v sídlištním objektu,burial in settlement context,amcr,HES-000437,objekt_druh,Feature,heslar:objekt_druh
pohřeb zvířete,animal burial,amcr,HES-000436,objekt_druh,Feature,heslar:objekt_druh
pohřeb žárový,cremation burial,amcr,HES-000435,objekt_druh,Feature,heslar:objekt_druh
pohřební objekt,funerary structure,amcr,HES-000426,objekt_druh,Feature,heslar:objekt_druh
pramen,spring,amcr,HES-000473,objekt_druh,Feature,heslar:objekt_druh
pyrotechnologické zařízení,pyrotechnological device,amcr,HES-000476,objekt_druh,Feature,heslar:objekt_druh
převýšená plocha,mound,amcr,HES-000536,objekt_druh,Feature,heslar:objekt_druh
příkop,moat,amcr,HES-000508,objekt_druh,Feature,heslar:objekt_druh
rybník/nádrž,pond/water tank,amcr,HES-000505,objekt_druh,Feature,heslar:objekt_druh
schodiště,staircase,amcr,HES-000452,objekt_druh,Feature,heslar:objekt_druh
sejp/halda,spoil heap,amcr,HES-000563,objekt_druh,Feature,heslar:objekt_druh
skalní rytina,rock carving,amcr,HES-000541,objekt_druh,Feature,heslar:objekt_druh
sklep,cellar,amcr,HES-000488,objekt_druh,Feature,heslar:objekt_druh
smírčí kříž,wayside cross,amcr,HES-000502,objekt_druh,Feature,heslar:objekt_druh
součást komunikace,transportation structure,amcr,HES-000519,objekt_druh,Feature,heslar:objekt_druh
splach/naplavenina,colluvial/alluvial layer,amcr,HES-000461,objekt_druh,Feature,heslar:objekt_druh
stodola,barn,amcr,HES-000483,objekt_druh,Feature,heslar:objekt_druh
stopy orby,plough marks,amcr,HES-000467,objekt_druh,Feature,heslar:objekt_druh
studna,water well,amcr,HES-000514,objekt_druh,Feature,heslar:objekt_druh
stáj/chlév,stable/cowshed,amcr,HES-000482,objekt_druh,Feature,heslar:objekt_druh
stéla,stela,amcr,HES-000469,objekt_druh,Feature,heslar:objekt_druh
sídlištní vrstva/souvrství,settlement layer/sequence,amcr,HES-000460,objekt_druh,Feature,heslar:objekt_druh
sýpka/špýchar,granary/storehouse,amcr,HES-000484,objekt_druh,Feature,heslar:objekt_druh
terénní hrana,terrain edge,amcr,HES-000570,objekt_druh,Feature,heslar:objekt_druh
topný kanál,heating channel,amcr,HES-000425,objekt_druh,Feature,heslar:objekt_druh
trativod,drainage,amcr,HES-000517,objekt_druh,Feature,heslar:objekt_druh
těžební jáma,mining pit,amcr,HES-000566,objekt_druh,Feature,heslar:objekt_druh
těžební objekt,mining feature,amcr,HES-000558,objekt_druh,Feature,heslar:objekt_druh
val,rampart,amcr,HES-000534,objekt_druh,Feature,heslar:objekt_druh
vodoteč,riverine water bodies,amcr,HES-000474,objekt_druh,Feature,heslar:objekt_druh
vodovod,water supply pipe,amcr,HES-000518,objekt_druh,Feature,heslar:objekt_druh
vrstva/souvrství,layer/layer sequence,amcr,HES-000453,objekt_druh,Feature,heslar:objekt_druh
vápenická jáma,lime pit,amcr,HES-000547,objekt_druh,Feature,heslar:objekt_druh
výkop,cut,amcr,HES-000489,objekt_druh,Feature,heslar:objekt_druh
výplň/zásyp,fill/deposit,amcr,HES-000462,objekt_druh,Feature,heslar:objekt_druh
výrobní objekt,production feature,amcr,HES-000542,objekt_druh,Feature,heslar:objekt_druh
vývrat,windthrow,amcr,HES-000475,objekt_druh,Feature,heslar:objekt_druh
věž,tower,amcr,HES-000509,objekt_druh,Feature,heslar:objekt_druh
věžice,half tower,amcr,HES-000510,objekt_druh,Feature,heslar:objekt_druh
zahloubená plocha,depression,amcr,HES-000537,objekt_druh,Feature,heslar:objekt_druh
zahloubený objekt,sunken feature,amcr,HES-000486,objekt_druh,Feature,heslar:objekt_druh
zemědělský objekt,agricultural structure,amcr,HES-000466,objekt_druh,Feature,heslar:objekt_druh
zvonice,bell tower,amcr,HES-000485,objekt_druh,Feature,heslar:objekt_druh
základy,foundations,amcr,HES-000498,objekt_druh,Feature,heslar:objekt_druh
zákop,trench,amcr,HES-000535,objekt_druh,Feature,heslar:objekt_druh
úvoz,hollow way,amcr,HES-000524,objekt_druh,Feature,heslar:objekt_druh
šachta,shaft,amcr,HES-000564,objekt_druh,Feature,heslar:objekt_druh
šibenice,gallows,amcr,HES-000511,objekt_druh,Feature,heslar:objekt_druh
štola,adit,amcr,HES-000565,objekt_druh,Feature,heslar:objekt_druh
žlab,ditch,amcr,HES-000490,objekt_druh,Feature,heslar:objekt_druh
žároviště,burned layer,amcr,HES-000463,objekt_druh,Feature,heslar:objekt_druh
budova,building,amcr,HES-000250,nalezove_okolnosti,Finds Context,heslar:nalezove_okolnosti
jiný kontext,other context,amcr,HES-000251,nalezove_okolnosti,Finds Context,heslar:nalezove_okolnosti
kulturní vrstva/objekt,cultural layer/feature,amcr,HES-000247,nalezove_okolnosti,Finds Context,heslar:nalezove_okolnosti
lesní hrabanka,woodland topsoil,amcr,HES-000245,nalezove_okolnosti,Finds Context,heslar:nalezove_okolnosti
ornice,arable topsoil,amcr,HES-000243,nalezove_okolnosti,Finds Context,heslar:nalezove_okolnosti
podorničí/podloží,subsoil,amcr,HES-000248,nalezove_okolnosti,Finds Context,heslar:nalezove_okolnosti
povrch,surface,amcr,HES-000242,nalezove_okolnosti,Finds Context,heslar:nalezove_okolnosti
přirozený půdní horizont,natural topsoil,amcr,HES-000246,nalezove_okolnosti,Finds Context,heslar:nalezove_okolnosti
přírodní útvar,natural landform,amcr,HES-000470,objekt_druh,Finds Context,override:amcr:HES-000470
vodní plocha/tok,water body/stream,amcr,HES-000249,nalezove_okolnosti,Finds Context,heslar:nalezove_okolnosti
bez ochrany,unprotected,amcr,HES-000175,pamatkova_ochrana,Location & Admin,heslar:pamatkova_ochrana
historická budova/komplex,historical building/complex,amcr,HES-001457,stav_dochovani,Location & Admin,heslar:stav_dochovani
jiná organizace,other organisation,amcr,HES-001128,organizace_typ,Location & Admin,heslar:organizace_typ
jiná událost,other event,amcr,HES-001156,udalost_typ,Location & Admin,heslar:udalost_typ
konference,conference,amcr,HES-001152,udalost_typ,Location & Admin,heslar:udalost_typ
kulturní památka,listed monument,amcr,HES-000177,pamatkova_ochrana,Location & Admin,heslar:pamatkova_ochrana
lokalita pod zástavbou,site in built environment,amcr,HES-001454,stav_dochovani,Location & Admin,heslar:stav_dochovani
muzeum,museum,amcr,HES-001127,organizace_typ,Location & Admin,heslar:organizace_typ
nadzemní relikty,aboveground remains,amcr,HES-001455,stav_dochovani,Location & Admin,heslar:stav_dochovani
národní kulturní památka,listed national monument,amcr,HES-000178,pamatkova_ochrana,Location & Admin,heslar:pamatkova_ochrana
památková rezervace,heritage reserve,amcr,HES-000180,pamatkova_ochrana,Location & Admin,heslar:pamatkova_ochrana
památková zóna,heritage zone,amcr,HES-000179,pamatkova_ochrana,Location & Admin,heslar:pamatkova_ochrana
ruina,ruin,amcr,HES-001456,stav_dochovani,Location & Admin,heslar:stav_dochovani
společenská akce,social event,amcr,HES-001155,udalost_typ,Location & Admin,heslar:udalost_typ
terénní pracoviště,fieldwork unit,amcr,HES-001129,organizace_typ,Location & Admin,heslar:organizace_typ
univerzita,university,amcr,HES-001132,organizace_typ,Location & Admin,heslar:organizace_typ
výzkumná instituce,research organisation,amcr,HES-001131,organizace_typ,Location & Admin,heslar:organizace_typ
zahraniční cesta,travel abroad,amcr,HES-001153,udalost_typ,Location & Admin,heslar:udalost_typ
zahraniční výzkum,fieldwork abroad,amcr,HES-001154,udalost_typ,Location & Admin,heslar:udalost_typ
zaniklá lokalita,buried site,amcr,HES-001453,stav_dochovani,Location & Admin,heslar:stav_dochovani
ústav památkové péče,heritage organisation,amcr,HES-001130,organizace_typ,Location & Admin,heslar:organizace_typ
barvivo,colourant,amcr,HES-000903,objekt_specifikace,Material,heslar:objekt_specifikace
bronz,bronze,amcr,HES-000904,objekt_specifikace,Material,heslar:objekt_specifikace
cín,tin,amcr,HES-000921,objekt_specifikace,Material,heslar:objekt_specifikace
dehet,tar,amcr,HES-000922,objekt_specifikace,Material,heslar:objekt_specifikace
dřevo,wood,amcr,HES-000923,objekt_specifikace,Material,heslar:objekt_specifikace
grafit,graphite,amcr,HES-000924,objekt_specifikace,Material,heslar:objekt_specifikace
hlína,clay,amcr,HES-000925,objekt_specifikace,Material,heslar:objekt_specifikace
jantar,amber,amcr,HES-000926,objekt_specifikace,Material,heslar:objekt_specifikace
jiný materiál,other material,amcr,HES-001027,predmet_specifikace,Material,heslar:predmet_specifikace
keramika,ceramic,amcr,HES-000933,objekt_specifikace,Material,heslar:objekt_specifikace
keramika fajáns/majolika,faience/maiolica,amcr,HES-000934,objekt_specifikace,Material,heslar:objekt_specifikace
keramika kamenina,stoneware,amcr,HES-000935,objekt_specifikace,Material,heslar:objekt_specifikace
keramika porcelán,porcelain,amcr,HES-000936,objekt_specifikace,Material,heslar:objekt_specifikace
keramika terra sigillata,terra sigillata ware,amcr,HES-000937,objekt_specifikace,Material,heslar:objekt_specifikace
konstrukce cihlová,brick structure,amcr,HES-000894,objekt_specifikace,Material,heslar:objekt_specifikace
konstrukce dlaždicová,tiled structure,amcr,HES-000895,objekt_specifikace,Material,heslar:objekt_specifikace
konstrukce dřevěná,wooden structure,amcr,HES-000897,objekt_specifikace,Material,heslar:objekt_specifikace
konstrukce hrázděná,half-timber construction,amcr,HES-000900,objekt_specifikace,Material,heslar:objekt_specifikace
konstrukce kamenná,stonework,amcr,HES-000896,objekt_specifikace,Material,heslar:objekt_specifikace
konstrukce kůlová/sloupová,post-and-beam structure,amcr,HES-000898,objekt_specifikace,Material,heslar:objekt_specifikace
konstrukce roubená,log construction,amcr,HES-000899,objekt_specifikace,Material,heslar:objekt_specifikace
konstrukce sypaná/vršená,earth construction,amcr,HES-000901,objekt_specifikace,Material,heslar:objekt_specifikace
konstrukce zahloubená,sunken structure,amcr,HES-000902,objekt_specifikace,Material,heslar:objekt_specifikace
konstrukce zděná,masonry construction,amcr,HES-000893,objekt_specifikace,Material,heslar:objekt_specifikace
korál,coral,amcr,HES-000938,objekt_specifikace,Material,heslar:objekt_specifikace
kost lidská,human bone,amcr,HES-000905,objekt_specifikace,Material,heslar:objekt_specifikace
kost zvířecí,animal bone,amcr,HES-000906,objekt_specifikace,Material,heslar:objekt_specifikace
kov,metal,amcr,HES-000907,objekt_specifikace,Material,heslar:objekt_specifikace
kov barevný,nonferrous metal,amcr,HES-000908,objekt_specifikace,Material,heslar:objekt_specifikace
kámen,stone,amcr,HES-000927,objekt_specifikace,Material,heslar:objekt_specifikace
kámen broušený,polished stone,amcr,HES-000928,objekt_specifikace,Material,heslar:objekt_specifikace
kámen drahý,gemstone,amcr,HES-000929,objekt_specifikace,Material,heslar:objekt_specifikace
kámen drtidlo/žernov,grinding stone,amcr,HES-000930,objekt_specifikace,Material,heslar:objekt_specifikace
kámen stavební,building stone,amcr,HES-000931,objekt_specifikace,Material,heslar:objekt_specifikace
kámen štípaný,lithics,amcr,HES-000932,objekt_specifikace,Material,heslar:objekt_specifikace
kůra,bark,amcr,HES-000940,objekt_specifikace,Material,heslar:objekt_specifikace
kůže,leather,amcr,HES-000909,objekt_specifikace,Material,heslar:objekt_specifikace
malta,mortar,amcr,HES-000910,objekt_specifikace,Material,heslar:objekt_specifikace
mazanice,daub,amcr,HES-000911,objekt_specifikace,Material,heslar:objekt_specifikace
mosaz,brass,amcr,HES-000913,objekt_specifikace,Material,heslar:objekt_specifikace
měď,copper,amcr,HES-000912,objekt_specifikace,Material,heslar:objekt_specifikace
obilky/semena,caryopses/seeds,amcr,HES-000914,objekt_specifikace,Material,heslar:objekt_specifikace
olovo,lead,amcr,HES-000915,objekt_specifikace,Material,heslar:objekt_specifikace
papír,paper,amcr,HES-000917,objekt_specifikace,Material,heslar:objekt_specifikace
paroh,antler,amcr,HES-000918,objekt_specifikace,Material,heslar:objekt_specifikace
pecka,fruit stone,amcr,HES-000919,objekt_specifikace,Material,heslar:objekt_specifikace
perla,pearl,amcr,HES-000920,objekt_specifikace,Material,heslar:objekt_specifikace
perleť/mušle,nacre/shell,amcr,HES-000941,objekt_specifikace,Material,heslar:objekt_specifikace
plast,plastic,amcr,HES-000942,objekt_specifikace,Material,heslar:objekt_specifikace
proutí,wattle,amcr,HES-000943,objekt_specifikace,Material,heslar:objekt_specifikace
pryskyřice,resin,amcr,HES-000944,objekt_specifikace,Material,heslar:objekt_specifikace
pyl,polen,amcr,HES-001007,predmet_specifikace,Material,heslar:predmet_specifikace
roh,horn,amcr,HES-000945,objekt_specifikace,Material,heslar:objekt_specifikace
schránky měkkýšů,mollusc shell,amcr,HES-000946,objekt_specifikace,Material,heslar:objekt_specifikace
sklo,glass,amcr,HES-000947,objekt_specifikace,Material,heslar:objekt_specifikace
slonovina/mamutovina,ivory,amcr,HES-000948,objekt_specifikace,Material,heslar:objekt_specifikace
spondylus,spondylus,amcr,HES-000949,objekt_specifikace,Material,heslar:objekt_specifikace
stříbro,silver,amcr,HES-000950,objekt_specifikace,Material,heslar:objekt_specifikace
textil,textile,amcr,HES-000952,objekt_specifikace,Material,heslar:objekt_specifikace
uhlí,coal,amcr,HES-000953,objekt_specifikace,Material,heslar:objekt_specifikace
uhlí dřevěné,charcoal,amcr,HES-000954,objekt_specifikace,Material,heslar:objekt_specifikace
vosk,wax,amcr,HES-000957,objekt_specifikace,Material,heslar:objekt_specifikace
vápno,quicklime,amcr,HES-000955,objekt_specifikace,Material,heslar:objekt_specifikace
zlato,gold,amcr,HES-000958,objekt_specifikace,Material,heslar:objekt_specifikace
zub lidský,human tooth,amcr,HES-000960,objekt_specifikace,Material,heslar:objekt_specifikace
zub zvířecí,animal tooth,amcr,HES-000961,objekt_specifikace,Material,heslar:objekt_specifikace
švartna,sapropel,amcr,HES-000951,objekt_specifikace,Material,heslar:objekt_specifikace
železo,iron,amcr,HES-000962,objekt_specifikace,Material,heslar:objekt_specifikace
absolutní datování,absolute dating,amcr,HES-000634,posudek_typ,Methods,heslar:posudek_typ
analýza stabilních izotopů,stable isotope analysis,amcr,HES-000618,posudek_typ,Methods,heslar:posudek_typ
antrakologie/xylotomie,anthracology/xylotomy,amcr,HES-000604,posudek_typ,Methods,heslar:posudek_typ
archeoentomologie,archeoentomology,amcr,HES-000624,posudek_typ,Methods,heslar:posudek_typ
archeogenetika,archaeogenetics,amcr,HES-000606,posudek_typ,Methods,heslar:posudek_typ
archeomalakologie,archeomalacology,amcr,HES-000621,posudek_typ,Methods,heslar:posudek_typ
archeoparazitologie,archeoparasitology,amcr,HES-000626,posudek_typ,Methods,heslar:posudek_typ
archeozoologie,archaeozoology,amcr,HES-000607,posudek_typ,Methods,heslar:posudek_typ
badatelský záměr,research project,amcr,HES-000595,adb_podnet,Methods,heslar:adb_podnet
bez okolností,unknown context,amcr,HES-001062,akce_typ,Methods,heslar:akce_typ
bioarcheologie,bioarchaeology,amcr,HES-001439,posudek_typ,Methods,heslar:posudek_typ
biologická antropologie,biological anthropology,amcr,HES-000605,posudek_typ,Methods,heslar:posudek_typ
chemická analýza,chemical analysis,amcr,HES-000617,posudek_typ,Methods,heslar:posudek_typ
dendrochronologie,dendrochronology,amcr,HES-000609,posudek_typ,Methods,heslar:posudek_typ
diatomární analýza,diatomic analysis,amcr,HES-000610,posudek_typ,Methods,heslar:posudek_typ
environmentální vzorek,environmental sampling,amcr,HES-001060,akce_typ,Methods,heslar:akce_typ
experimentální archeologie,experimental archaeology,amcr,HES-001446,posudek_typ,Methods,heslar:posudek_typ
expertní analýza,expert analysis,amcr,HES-000619,posudek_typ,Methods,heslar:posudek_typ
fytolitová analýza,phytological analysis,amcr,HES-000612,posudek_typ,Methods,heslar:posudek_typ
geoarcheologie,geoarchaeology,amcr,HES-000613,posudek_typ,Methods,heslar:posudek_typ
geochemický průzkum,geochemical survey,amcr,HES-001047,akce_typ,Methods,heslar:akce_typ
geochemie,geochemistry,amcr,HES-000615,posudek_typ,Methods,heslar:posudek_typ
geochronologie,geochronology,amcr,HES-001442,posudek_typ,Methods,heslar:posudek_typ
geodetický průzkum,geodetic survey,amcr,HES-001141,adb_typ,Methods,heslar:adb_typ
geofyzika,geophysics,amcr,HES-000614,posudek_typ,Methods,heslar:posudek_typ
geofyzikální průzkum,geophysical survey,amcr,HES-001046,akce_typ,Methods,heslar:akce_typ
geologická sonda,geological trench,amcr,HES-001145,adb_typ,Methods,heslar:adb_typ
geologický vrt,geological core sample,amcr,HES-001144,adb_typ,Methods,heslar:adb_typ
geomorfologie,geomorphology,amcr,HES-001443,posudek_typ,Methods,heslar:posudek_typ
havárie/stavební narušení,accident/building disruption,amcr,HES-000597,adb_podnet,Methods,heslar:adb_podnet
inženýrsko-geologický průzkum,engineering-geological survey,amcr,HES-000596,adb_podnet,Methods,heslar:adb_podnet
jiná evidence,other evidence,amcr,HES-001061,akce_typ,Methods,heslar:akce_typ
jiné expertní zpracování,other expert analysis,amcr,HES-001495,posudek_typ_kat,Methods,heslar:posudek_typ_kat
jiný podnět,other motivation,amcr,HES-000599,adb_podnet,Methods,heslar:adb_podnet
konzervace a restaurování,conservation and restoration,amcr,HES-000629,posudek_typ,Methods,heslar:posudek_typ
letecký průzkum,aerial survey,amcr,HES-001045,akce_typ,Methods,heslar:akce_typ
liniová stavba,line construction,amcr,HES-000600,adb_podnet,Methods,heslar:adb_podnet
makrozbytková analýza,macroremains analysis,amcr,HES-000620,posudek_typ,Methods,heslar:posudek_typ
materiálová analýza,material analysis,amcr,HES-000633,posudek_typ,Methods,heslar:posudek_typ
materiálové analýzy,material analysis,amcr,HES-001494,posudek_typ_kat,Methods,heslar:posudek_typ_kat
metalografie,metallography,amcr,HES-000630,posudek_typ,Methods,heslar:posudek_typ
mikrosondáž/vzorkovací sondáž,shovel tests/test pitting,amcr,HES-001051,akce_typ,Methods,heslar:akce_typ
mikrostratigrafie,microstratigraphy,amcr,HES-001444,posudek_typ,Methods,heslar:posudek_typ
nedestruktivní průzkum,non-destructive survey,amcr,HES-001063,akce_typ_kat,Methods,heslar:akce_typ_kat
nedokumentovaná akce,undocumented fieldwork,amcr,HES-001054,akce_typ,Methods,heslar:akce_typ
neodborné narušení,non-professional intervention,amcr,HES-001140,adb_typ,Methods,heslar:adb_typ
neznámý,unknown,amcr,HES-000601,adb_podnet,Methods,heslar:adb_podnet
numismatika,numismatics,amcr,HES-000623,posudek_typ,Methods,heslar:posudek_typ
náhodný zásah/nález,chance find,amcr,HES-001053,akce_typ,Methods,heslar:akce_typ
náhodný/povrchový nález,chance find,amcr,HES-001139,adb_typ,Methods,heslar:adb_typ
obdělávání půdy,farming,amcr,HES-000602,adb_podnet,Methods,heslar:adb_podnet
odborný záměr,expert project,amcr,HES-000594,adb_podnet,Methods,heslar:adb_podnet
orientační zjištění,brief evidence,amcr,HES-001055,akce_typ,Methods,heslar:akce_typ
osteozoologie,osteozoology,amcr,HES-001440,posudek_typ,Methods,heslar:posudek_typ
paleoklimatologie,paleoclimatology,amcr,HES-001445,posudek_typ,Methods,heslar:posudek_typ
palynologie,palynology,amcr,HES-000625,posudek_typ,Methods,heslar:posudek_typ
pedologie,pedology,amcr,HES-000627,posudek_typ,Methods,heslar:posudek_typ
petrografie/mineralogie,petrography,amcr,HES-000628,posudek_typ,Methods,heslar:posudek_typ
plošný odkryv,total excavation,amcr,HES-001059,akce_typ,Methods,heslar:akce_typ
povrchový nález,surface find,amcr,HES-001049,akce_typ,Methods,heslar:akce_typ
povrchový sběr,surface collection survey,amcr,HES-001050,akce_typ,Methods,heslar:akce_typ
prvková analýza,elemental analysis,amcr,HES-000631,posudek_typ,Methods,heslar:posudek_typ
průzkum detektorem kovu,metal detector survey,amcr,HES-001052,akce_typ,Methods,heslar:akce_typ
radiouhlíkové datování,radiocarbon dating,amcr,HES-000608,posudek_typ,Methods,heslar:posudek_typ
skupina sond,group of pit trenches,amcr,HES-001151,adb_typ,Methods,heslar:adb_typ
skupina vrtů,group of sediment core samples,amcr,HES-001147,adb_typ,Methods,heslar:adb_typ
skupina řezů,group of linear trenches,amcr,HES-001149,adb_typ,Methods,heslar:adb_typ
skupina/síť sond,group of pit trenches,amcr,HES-001058,akce_typ,Methods,heslar:akce_typ
sonda,pit trench,amcr,HES-001057,akce_typ,Methods,heslar:akce_typ
stavba,construction,amcr,HES-000603,adb_podnet,Methods,heslar:adb_podnet
stavebně-historický průzkum,building-historical survey,amcr,HES-000632,posudek_typ,Methods,heslar:posudek_typ
tafonomie,taphonomy,amcr,HES-001441,posudek_typ,Methods,heslar:posudek_typ
terénní odkryv,field excavation,amcr,HES-001066,akce_typ_kat,Methods,heslar:akce_typ_kat
terénní zásah,field intervention,amcr,HES-001065,akce_typ_kat,Methods,heslar:akce_typ_kat
vertikální řez,linear trench,amcr,HES-001056,akce_typ,Methods,heslar:akce_typ
vizuální/geodetický průzkum,visual/geodetic survey,amcr,HES-001044,akce_typ,Methods,heslar:akce_typ
vrt,sediment core sample,amcr,HES-001146,adb_typ,Methods,heslar:adb_typ
výzkum povrchové vrstvy,topsoil sampling,amcr,HES-001064,akce_typ_kat,Methods,heslar:akce_typ_kat
řez,linear trench,amcr,HES-001148,adb_typ,Methods,heslar:adb_typ
