cs,en,facet,source,source_id,doc_count,occurrences,example_lines
nádoba,vessel,Artefact,amcr,HES-000714,4,43,"CTX192100040 p3 l3: Při nich ani kolem nebyla žádná nádoba,neb střepina.Byly tudí*; CTX192100040 p3 l26: přikryty shora nádobou, avšak, Jak Jsem se zmínil, nezůstalo po ní dnes již; CTX192100040 p4 l8: spoustu střepin z nádob, popel dřevěnný a rozličné kůstky.Nádoby J soux"
hrob,grave,Feature,amcr,HES-000427,5,42,"CTX193001369 p1 l9: Hroby se zvôncovymi poháry.; CTX193001369 p2 l12: Hrob 1. / 20•A. 1928. / Poloha milodarů nemohla býti zjištěna,; CTX193001369 p2 l13: nebot obsah hrobu / 4 nádoby, nátepní destička a bronzová dýč-"
hrad,castle,Activity Area,amcr,HES-000015,1,23,"CTX201601688 p1 l3: Hrad, sběry 1998; CTX201601688 p2 l1: SKUHROV NAD BĚLOU hrad, sběry 1998; CTX201601688 p2 l3: Hrad se nachází na ostrožně nad řekou Bělou, na úpatí svahů svírajících tok Bělé v rámci"
povrch,surface,Finds Context,amcr,HES-000242,3,22,"CTX192100040 p4 l2: peníze ony octly se blíže povrchu dnešního .Tím se ovšem dostatečně vysvětluje,Že; CTX192100040 p4 l3: špička pluhu při orání vždy Vynesla na povrch nějaký eníz.; CTX193001369 p2 l17: stopy bé inkrustace, pokrývá v sedmi vodorovných pruzích celý povrch"
pohár,beaker,Artefact,teater,2066,1,18,"CTX193001369 p1 l9: Hroby se zvôncovymi poháry.; CTX193001369 p2 l6: Hrobyse zvoncovými poháry; CTX193001369 p2 l9: kládalose větší pohřebiště se zvoncovými poháry, jež bylo v r.1928"
dům,house,Feature,teater,1495,4,17,"CTX198402945 p1 l24: V tomto období jsme v zadním traktu domu čp. 36 na Gottwaldově; CTX198402945 p1 l37: navazuje zdivo, náležející snad zadnímu traktu domu čp. 36,; CTX198402945 p1 l41: domu čp. 36 s jímkou je kryta šedohnědou hlinitou vrstvou"
pilíř,pillar,Feature,amcr,HES-000449,1,16,"CTX199603106 p2 l19: průzkumu objektu a interpretované jako torzo prvního pilíře Karlova; CTX199603106 p4 l19: zmíněná interpretace jako pozůstatek dalSfho pilíře (Muk 1988,s.; CTX199603106 p4 l29: gotického pilíře, jehož hrot předpokládáme v těsné blízkosti jižního"
keramika,ceramic,Material,amcr,HES-000933,6,15,CTX000000001 p2 l1: Nalezená keramika pochází z raného středověku.; CTX195704328 p1 l22: opukovými deskami a s keramikou s hladce vymezenými prsovitý-; CTX196006127 p1 l26: keramika
stavba,construction,Methods,amcr,HES-000603,5,15,"CTX196006127 p1 l46: širokým příkopem; popsaná stavba není na nejvyšším bode ostrožny.; CTX196006127 p1 l48: stné vně ji ho západní ho rohu stavby; terén zle je velmi nerový a; CTX196006127 p1 l49: pravpodobně kryje zíeeniny njakých dalších stavb. Val, který"
kostra,skeleton,Artefact,amcr,HES-000642,2,14,"CTX193001369 p3 l12: Hrob 2. / 26.1X.1928 ./ Kostra, jejíž lebka byla promáčknuta,; CTX193001369 p3 l18: |H r o b 3. / 1.x.1928. / . Poloha kostry a milodarů nemohla býti; CTX193001369 p3 l33: Hrob 4. Kostra, spočívající ve skrčené poloze na levém boku, obličejem"
pohřebiště,burrial ground,Activity Area,teater,1411,4,12,"CTX193001369 p2 l9: kládalose větší pohřebiště se zvoncovými poháry, jež bylo v r.1928; CTX195603828 p1 l27: pohřebiště s 20 hrobovými jamami a 57; CTX195603828 p1 l34: Pohřebiště lze předběžně datovat do mladší hradištní periody,"
mísa,bowl,Artefact,amcr,HES-000719,2,11,"CTX193001369 p2 l29: Nádoba 4. Široká mísa s, rovně seříznutým okrajem, přiněmž těsn"" umístS-; CTX193001369 p2 l30: no tunelovité ouško. Mísa spočívá na čtyřech nízkých nožkách. Roz/; CTX193001369 p3 l26: Nádoba 2. polokulovitá mísa s rovně.šeřížnutým , nepatrně rozšířeným"
sonda,pit trench,Methods,amcr,HES-001057,5,11,"CTX000000002 p1 l3: Sonda II odkryla část valového tělesa.; CTX000000003 p1 l1: Náčrt sondy.; CTX195603828 p1 l12: křížovou sondou bylo ověřeno ukončení hradby středního vslu,"
pole,cropland,Activity Area,amcr,HES-000039,2,10,"CTX192100040 p2 l12: zv."" Kačák "" prostírají se v údolí luka a pole .Louka čí s. katastr. 222 jest; CTX192100040 p2 l13: majetkem velkostatku v Chrustenicích - pole s ní sousedící čís.kat.218 jest; CTX192100040 p2 l17: Poli $om zv. "" Holonohy "" kopati.Název tento upoutal moji pozornost nejen"
pískovna,sandpit,Activity Area,teater,1466,3,9,"CTX193001369 p2 l8: Na levém břehu Labe v Neratovicích, v pískovně továrny GEC roz-; CTX195704328 p1 l3: Trať: Čmejlova pískovna; CTX195704328 p1 l18: je asi 1 km vých. od obce v malé pískovně, kde místní občané"
výkop,cut,Feature,amcr,HES-000489,5,9,CTX193001369 p5 l22: Zprávu o výkopu viz v č.j . 560/39. .; CTX193001369 p5 l44: '' I Správu o výkopu viz v č.j. 560/29. • *; CTX196300443 p1 l23: kv zavádí k nežádoucím drobným výkopům. Ústavní depositum /Srby/ shledáno
sídliště,settlement,Activity Area,amcr,HES-000081,2,8,"CTX196300443 p1 l14: eneolitických výšinných sídlištích na Blovicku v poříčí Úslavy.; CTX196300443 p1 l26: Bzí - drobné nálezy z eneol. výšinnéhoj sídliště . _; CTX196300443 p1 l27: větší soubor z eneol.výš.sídliště - publ. Masek,AR IV 1962"
malta,mortar,Material,amcr,HES-000910,2,7,"CTX198402945 p1 l26: z lomového zdivá nasucho a jen místy na maltu, ve spodní části; CTX199603106 p3 l3: charakteru s příměsí malty a úlomků opuky a cihel, ani ä v ní byly; CTX199603106 p3 l6: nevelkých rozměrů, spojovaných vápennou maltou z hrubého říčního"
most,bridge,Feature,amcr,HES-000523,1,7,CTX199603106 p2 l4: mostu uvádí domek mosteckého celného v letech 1406 - 1430.; CTX199603106 p2 l17: tzv. lagunou jižně od Karlova mostu. Při této příležitosti bylo; CTX199603106 p2 l20: mostu od staroměstského břehu. Ze zdivá byla v inkriminované
zeď,wall,Feature,teater,1642,1,7,"CTX199603106 p2 l24: formátu 30 x 14 x 6,5 cm. Před snižováním úrovně byla líc zdi; CTX199603106 p3 l5: k východní zdi místnosti byla vyaděna výlučně z lomové opuky; CTX199603106 p4 l2: hmota zdivá ukončena lícem, pouze v severní zdi stávajícího sklepa"
hlína,clay,Material,amcr,HES-000925,3,6,"CTX192100040 p3 l5: celé hlínou pomazané.Byly pa sobě složeny, takže jsem je musel jen nehtem; CTX193001369 p2 l27: dé hlíny. Rozměry ; v- 144 mm, pr. okraje - 125 mm, pr. dna 65mm:; CTX193001369 p3 l22: břicha jest zaoblený lom. Vyroben jest z jemné tmavěšedé hlíny."
muzeum,museum,Location & Admin,amcr,HES-001127,3,6,"CTX196006127 p1 l37: Dno 20. dubna l%0 jsem na výsva správee 6kresního muzea v Blovi-; CTX196300443 p1 l10: Zpráva o archeologické sbírce Vlastivědného muzea v Blovicích,; CTX196300443 p1 l13: ze sběří ředitele muzea Škrabka a spolupracovníka J.sýkory na nově objevených"
sklep,cellar,Feature,amcr,HES-000488,1,6,"CTX199603106 p3 l26: východním prostoru sklepa rovně zasáhly pod úroveň podlahy, i když; CTX199603106 p3 l28: části severní stěny a podél dodatečné příčky ve sklepě prostoru; CTX199603106 p3 l30: složení jako v západní partií sklepa. V žádné z obou částí nebyla"
vesnice,village,Activity Area,teater,1455,4,6,"CTX192100040 p3 l16: vesnice "" Holonohy * v první polovici 14. století' zašlá str.154 ./.la str.253; CTX192100040 p3 l23: dle lidového podání vesnice ta byla úplně zničena,byly peníze ty zakopány do; CTX192100040 p8 l30: Týž pátrá nyní na výše uvedené louce po předhistorické vesnici"
kost,single bone,Artefact,amcr,HES-000753,2,5,"CTX193001369 p6 l3: pouze několik kostí, z milodarů 2 nádoby. Jeden hrnek byl přes noc ukraden,; CTX193001369 p7 l2: a na něm v malé jamce spálené lidské kosti. Hrob byl uložen mělko - pouze v; CTX193001369 p8 l1: Hrob XIII. Hrob nalezen dělníky ve hloubce 20 - 30 cm , kosti prý nebyly"
ornice,arable topsoil,Finds Context,amcr,HES-000243,2,5,"CTX192100040 p2 l27: při opatrném odhrabání asi 20 cm ornice nalezl jsem celé "" hnízdy n: na; CTX192100040 p3 l29: svužvje směrem k potoku.Půda ornice byla během času jistě splavena níže,takže; CTX192100040 p4 l7: TozŮstetkemjakésihradby kamenné.Pří mezi té jsem-nslezl pod ornici i vní"
středověk,Middle Ages,Chronology,amcr,HES-000380,4,5,"CTX000000001 p2 l1: Nalezená keramika pochází z raného středověku.; CTX196006127 p1 l20: středověk; CTX196300443 p1 l18: Mladší pravěké kultury nejsou zastoupeny, středověk jen drobnými"
zboží,trade good,Artefact,teater,2407,2,5,"CTX198402945 p1 l33: berounského zboží. Nad touto vrstvou byla horní část jímky; CTX198402945 p1 l43: a obsahuje pozdní berounské zboží /režná keramika s předžahem,; CTX198402945 p1 l49: zboží - zde převažuje režná, cihlově zbarvená keramika,"
hradiště,hillfort,Activity Area,amcr,HES-000072,3,4,CTX000000001 p1 l1: Výzkumná zpráva č. 1/2024 — Hradiště u Horní Mezí; CTX000000002 p1 l1: HRADIŠTĚ U HORNÍ MEZÍ; CTX195603828 p1 l3: Výzkum slovanského hradiště
lom,quarry,Activity Area,amcr,HES-000034,1,4,"CTX193001369 p3 l22: břicha jest zaoblený lom. Vyroben jest z jemné tmavěšedé hlíny.; CTX193001369 p5 l33: lomem v nojetším objemu, hrubě pracovaný ze šedožluté hlíny. Rozměry; CTX193001369 p6 l15: Nádoba ±.. Nezdobený zvoncový pohár se zaobleným lomem na spoaní části. Dno"
podlaha,floor,Feature,teater,1595,1,4,"CTX199603106 p2 l16: snižována podlaha v jedné z místnosti při západní fasádě objektu nad; CTX199603106 p2 l23: nevelkém dochovaném úseku bylo zdivo překryto podlahou z cihel; CTX199603106 p2 l26: torzo 70 cm vysoké a cm dlouhé. Po snížení podlahy bylo zřejmé, že"
as,as,Artefact,teater,2277,3,3,CTX192100040 p2 l11: čarou as 4 km - za obcí Nenačovicemi při pravém břehu lodenického potoka; CTX192601143 p1 l45: -v/as* yXk); CTX193001369 p4 l33: J . lAct as PzoleXle) -
bronz,bronze,Material,amcr,HES-000904,1,3,"CTX196300443 p1 l17: v Blovicích depot z rShraní Bda BD v Libákovicích a mohylové bronzy z Járova.; CTX196300443 p1 l33: Jarov - bronz, terčoví tá jehlice, 2 pečetítkové j ehlic e, tyčink. nátamek; CTX196300443 p1 l34: z rozrušené mohyly v Cábuzí /střední d.bronz/"
budova,building,Finds Context,amcr,HES-000250,1,3,"CTX199603106 p2 l8: z roku 1606. V dalžím vývoj i byl o na budově dostaveno 3. patro,; CTX199603106 p2 l10: modelu. Dnešní vzhled budovy je výsledkem klasicistní přestavby; CTX199603106 p6 l8: Vilímková Milada - Ebel Martin 1988, Stručné dějiny budovy, in:"
dokumentace,documentation,Methods,teater,195,3,3,"CTX199603106 p5 l15: za výjimečný zjev. Provedenou dokumentací tak byla potvrzena; CTX201405311 p1 l28: Kutná Hora). Terénní dokumentace je uložena v Archeologickém ústavu AV ČR, Praha, v.v.i., pracoviště; CTX201601688 p3 l71: Terénní a obrazová dokumentace"
důl,mine,Activity Area,amcr,HES-000033,1,3,"CTX192100040 p5 l27: účetnímu dolu; CTX192100040 p8 l14: že účetní dolu čís. V.v Jhrusten icích Josef Jhoc z Lodenice čp.158 jest; CTX192100040 p13 l13: udělili Josefu C h o c o v i , účetnímu dolu v Chrustenicích jako"
hrot,point,Artefact,teater,1958,2,3,"CTX193001369 p2 l35: drsnější straně zvýšení není tak patrno. Hrot čepele chybí. Zachovaná; CTX193001369 p5 l17: 3/ Pazourkovášipka s jemně vypracovaným hrotem a rovně se sbíhají-; CTX199603106 p4 l29: gotického pilíře, jehož hrot předpokládáme v těsné blízkosti jižního"
klášter,monastery,Activity Area,amcr,HES-000073,1,3,"CTX192100040 p3 l17: jest psáno,že * dle urbáře kláštera Strahovského z r.1416. /Erben, Reg. 106/; CTX192100040 p8 l11: Praze. .Strahovský klášter; CTX192100040 p13 l11: v klášteře Strahovském."
kroužek,ring (kroužek/Ring),Artefact,teater,1960,1,3,"CTX201601688 p2 l20: 2. Sběr archeologický kroužek Villa Nova pod vedením D. Vícha.; CTX201601688 p2 l31: 2. Sběr archeologický kroužek Villa Nova 11. 8. 1998, úbočí hradního kopce směrem; CTX201601688 p3 l39: kroužek(viz."
kámen,stone,Material,amcr,HES-000927,3,3,"CTX193001369 p3 l3: 6/ Nátepní desička vybroušená ze šedočernéno vrstevnatého kamene,; CTX195603828 p1 l28: pohřby.Hroby byly obloženy kameny,kostry v natažené poloze; CTX198402945 p1 l31: zvýšeným dnem z plochých kamenů. Na tomto dně spočívala"
loděnice,dockyard,Activity Area,teater,1473,1,3,"CTX192100040 p2 l10: Směrem sev.záp.od městyse Loděnice,1 hod.cesty - vzdušnou; CTX192100040 p5 l28: v Loděnicích u Berouna.; CTX192100040 p13 l17: Chrustenice ( pošta Loděnice u Berouna ) léží při trati"
mohyla,burial mound,Feature,amcr,HES-000431,1,3,"CTX196300443 p1 l34: z rozrušené mohyly v Cábuzí /střední d.bronz/; CTX196300443 p1 l38: Vlčice - Chýlava - středověká keramika, údajně ""Z mohyl*.; CTX196300443 p1 l39: v muzeu je uložen rukopis zprávy Jana Žáka z r.1881 o výkopech mohyl"
město,city,Activity Area,amcr,HES-000074,3,3,CTX198402945 p2 l2: spojovat tuto spodní vrstvu s katastrofálním požárem města; CTX199603106 p1 l4: KŘIŽOVNICKÉN NÁMĚSTÍ NA STARÉM MĚSTĚ PRAŽSKÉM; CTX201405311 p1 l19: Akce probíhala na západním okraji města v poloze „Vodranty“. V těsném sousedství stavby došlo v minulosti
náměstí,square,Activity Area,teater,1471,2,3,"CTX198402945 p1 l25: nám. v Berouně odkryli patrně provozní jímku hlubokou 180 cm,; CTX198402945 p2 l11: dosáhla u náměstí hloubky pouze c. 180 cm, kde jsme narazili; CTX199603106 p1 l4: KŘIŽOVNICKÉN NÁMĚSTÍ NA STARÉM MĚSTĚ PRAŽSKÉM"
okr,ochre,Material,teater,2433,3,3,"CTX195603828 p1 l19: jižní hradby na okr- ji hradiska s kamennou; CTX200603179 p1 l1: BÍTOV U KONĚPRUS, OKR. BEROUN - STAVBA ELEKTRICKÉ PŘÍPOJKY K RD"
pramen,spring,Feature,amcr,HES-000473,2,3,CTX192100040 p3 l14: měšt. školy z roku 1890 - Jiné prameny jsou mi zde nedostupné - byla již; CTX192100040 p4 l20: různé prameny.; CTX199603106 p2 l9: které zaznamenávají mladší ikonografické prameny včetně Langveilova
velkostatek,estate,Activity Area,teater,1282,1,3,"CTX192100040 p2 l13: majetkem velkostatku v Chrustenicích - pole s ní sousedící čís.kat.218 jest; CTX192100040 p8 l22: ká,parcela 222a 222 a/,patřící zdejšímu státnímu velkostatku několik; CTX192100040 p13 l16: v obci chrustenické, náležejících velkostatku."
váha,scale,Artefact,teater,2149,1,3,"CTX201601688 p3 l29: další na podhrdlí, váha 90,9g.; CTX201601688 p3 l51: mazanice, váha 182,1g.; CTX201601688 p3 l69: století, váha 14,6g."
šipka,dart,Artefact,teater,2009,1,3,"CTX193001369 p4 l36: tři pazourkové šipky. Hrob byl i s milodary v původní poloze vyzvednut a; CTX193001369 p5 l13: 2,4 Pazourková šipka, jemně vyretušovama y , . % .; CTX193001369 p5 l20: 4/ Pazourková široká šipka. D- mm,š.- mm. ' -"
cihla,brick,Artefact,amcr,HES-000813,1,2,"CTX199603106 p2 l23: nevelkém dochovaném úseku bylo zdivo překryto podlahou z cihel; CTX199603106 p3 l3: charakteru s příměsí malty a úlomků opuky a cihel, ani ä v ní byly"
deska,board,Artefact,amcr,HES-000712,1,2,CTX195704328 p1 l22: opukovými deskami a s keramikou s hladce vymezenými prsovitý-; CTX195704328 p1 l30: opět opukové desky. Dále byly nalezeny v přehozeném materiálu zlomky
hradba,defensive wall,Feature,amcr,HES-000530,1,2,"CTX195603828 p1 l12: křížovou sondou bylo ověřeno ukončení hradby středního vslu,; CTX195603828 p1 l19: jižní hradby na okr- ji hradiska s kamennou"
kopie,facsimile,Methods,teater,213,1,2,"CTX192100040 p4 l23: nt ■ "" o Zároveň bych přinesl stéž plének,kopii místa nálen vzatu z ckatastá; CTX192100040 p6 l25: Taxtéž na kopii plániu na-"
kostel,church,Feature,amcr,HES-000021,2,2,CTX195603828 p2 l3: kostel nebo jiné centrum hrobové akumulace.; CTX199603106 p5 l26: (křižovnícký kostel sv. Františka) jsou v bezprostřední blízkosti.
kult,ritual activity,Activity Area,amcr,HES-000005,2,2,"CTX198603218 p1 l2: 1980-81 - KULT: Středověk. LOK: ZSV Kravín, ca 6,5km JV od Tábora; Ikm sev. od silnice; CTX199405706 p1 l4: 504/1 DAT: 1820. KULT: 7. LOK: Bubníkova usedlost. NALEZ: kostr. hrob."
předhradí,bailey,Feature,teater,1636,1,2,"CTX201601688 p2 l12: Hrad na ostrožně, dvojdílný (předhradí a vlastní hradní areál, patrně plášťový). Patrně založen; CTX201601688 p2 l29: 1. Sběr J. Slavík nad vnitřním příkopem jak ze strany předhradí tak vlastního hradu (viz"
příkop,moat,Feature,amcr,HES-000508,2,2,CTX196006127 p1 l46: širokým příkopem; popsaná stavba není na nejvyšším bode ostrožny.; CTX201601688 p2 l29: 1. Sběr J. Slavík nad vnitřním příkopem jak ze strany předhradí tak vlastního hradu (viz
roh,horn,Material,amcr,HES-000945,2,2,"CTX193001369 p3 l4: mírně prohnutá podél delší osy, se čtyřmi otvory v rozích. Na vnější; CTX196006127 p1 l48: stné vně ji ho západní ho rohu stavby; terén zle je velmi nerový a"
stroj,machine,Artefact,teater,2406,2,2,CTX197402444 p1 l49: Poznámka: Pište pokud možno strojem. Na konci uveďte datum odeslání a čitelný podpis. Zprávy koreferenta komisí; CTX198402945 p1 l52: Poznámka: Pište pokud možno strojem. Na konci uveďte datum odeslání a čitelný podpis. Zprávy koreferentů a komisí vyhotovte dvojmo.
studna,water well,Feature,amcr,HES-000514,1,2,"CTX198603218 p1 l15: století. Mezi objekty č. 1 /dům/ a č. 3 /povrchová stavba/byla odkryta oválná studna, prostě vyhloubená; CTX198603218 p1 l19: z nich byla odkryta 810 cm hluboká studna, roubená na sucho loženým kamením, dosahující vnitřního"
val,rampart,Feature,amcr,HES-000534,1,2,"CTX196006127 p1 l49: pravpodobně kryje zíeeniny njakých dalších stavb. Val, který; CTX196006127 p1 l51: ný je val vnější."
zbraň,weapon,Artefact,teater,1985,1,2,"CTX192100040 p10 l46: rém byl vydán nález nku zbrani; CTX192100040 p10 l56: nebyl odveden, t.j. každý, o kterém byl vydán nález nku zbrani"
zásobnice,storage vessel,Artefact,amcr,HES-000767,1,2,"CTX201601688 p2 l33: zásobnice, vše 14. -15. stol.; CTX201601688 p3 l47: zásobnice + 3 zl. okrajů"
ant,anta,Artefact,teater,1793,1,1,"CTX192100040 p8 l31: "" Holonohy"" a po bojišti bitvy u Lodenice / dle dějin Fi ant .ľalackého/"""
bojiště,battlefield,Activity Area,amcr,HES-000042,1,1,"CTX192100040 p8 l31: "" Holonohy"" a po bojišti bitvy u Lodenice / dle dějin Fi ant .ľalackého/"""
brousek,whetstone,Artefact,amcr,HES-000803,1,1,"CTX195603828 p1 l32: s 2 železnými nožíky a brouskem, a pohřeb dítěte s esovitou"
depot,hoard,Activity Area,amcr,HES-000051,1,1,"CTX196300443 p1 l17: v Blovicích depot z rShraní Bda BD v Libákovicích a mohylové bronzy z Járova.; CTX196300443 p1 l35: Libákovice_- bronz.depot z rozhraní střední a mladší d.bronz., publ."
jehlice,clothing pin,Artefact,amcr,HES-000699,1,1,"CTX196300443 p1 l33: Jarov - bronz, terčoví tá jehlice, 2 pečetítkové j ehlic e, tyčink. nátamek"
jez,weir,Activity Area,amcr,HES-000052,1,1,CTX197901442 p1 l4: Vysoký jez .
jáma,pit,Feature,amcr,HES-000441,1,1,"CTX198603218 p1 l10: ho typu s prostým otevřeným ohništěm, zásobní jámou, svahovitou vstupní šíjí a kamennou plentou podél"
kachel,stove tile,Artefact,amcr,HES-000736,1,1,CTX198402945 p2 l1: vyskytují se pozdně renesanční kachle. Bylo by velmi lákavé
kleště,pliers,Artefact,amcr,HES-000797,1,1,CTX199603106 p6 l18: pilíře s důlky pro uchycení kvádrů do zednických kleští. Pohled
krajina,landscape,Activity Area,amcr,HES-000117,1,1,CTX192100040 p13 l15: krajiny kolem potoka K a č á k u ■ na lukách č.kat. 222 a 222a?
kůl,pole,Artefact,amcr,HES-000737,1,1,"CTX195603828 p1 l22: a nálezy , příčně členěný zídkou a řadou kůlů.e nutno zde rozlišit"
luk,bow,Artefact,amcr,HES-000823,1,1,"CTX193001369 p3 l7: odrazem tětivy luku. Rozměry : d - 114mm/ při okrajích 111 mm/ , š -"
mazanice,daub,Material,amcr,HES-000911,1,1,"CTX201601688 p3 l51: mazanice, váha 182,1g."
mezník,boundary stone,Feature,teater,1675,1,1,CTX193001369 p24 l2: P& /Mezník
mince,coin,Artefact,amcr,HES-000794,1,1,"CTX192100040 p5 l35: Mince , které jsetbyl vykopal"
náhrdelník,necklace,Artefact,amcr,HES-000835,1,1,"CTX195603828 p1 l33: bronzovou záušničkou ,perlovým náhrdelníkem a částí textilie."
nástroj,tool,Artefact,teater,2085,1,1,"CTX196300443 p1 l31: ojedinělé kam. nástroje - Plo víc e-Hradiš tě. Spálené. Poříčí.,. Ralov, dí-"
ohniště,fireplace,Feature,amcr,HES-000423,1,1,"CTX198603218 p1 l10: ho typu s prostým otevřeným ohništěm, zásobní jámou, svahovitou vstupní šíjí a kamennou plentou podél"
opevnění,fortification,Feature,teater,1619,1,1,CTX195603828 p1 l14: výzkumnou metodou zjištěn charakter opevnění přemyslovského
ozdoba,adornment,Artefact,amcr,HES-000834,1,1,CTX195603828 p1 l30: byla bez milodarů a bez ozdob. ' jedné čtvrtiny byly přiloženy
oštěp,javelin,Artefact,teater,2001,1,1,CTX196300443 p1 l37: Vrtěšíce - ojeď.nález bronz.oštěpu
palác,palace,Feature,amcr,HES-000481,1,1,CTX199603106 p5 l24: - Mannsfeldském paláci čp. 189/1) a raně gotické zástavby
pazourek,flint,Material,teater,2512,1,1,"CTX193001369 p3 l37: směrem k míse, byly dva pazourky. 8.neg.453-156. Tb.XV. ."
pec,kiln,Feature,amcr,HES-000477,1,1,"CTX199405706 p1 l5: OKOL: kopání základu hrnčíř, pece. ULOŽ: 7. LIT: Kalina b. d. A,"
pluh,plow,Artefact,teater,2158,1,1,CTX192100040 p4 l3: špička pluhu při orání vždy Vynesla na povrch nějaký eníz.
popel,ash,Artefact,teater,1943,1,1,"CTX192100040 p4 l8: spoustu střepin z nádob, popel dřevěnný a rozličné kůstky.Nádoby J soux"
pánev,pan,Artefact,amcr,HES-000720,1,1,CTX193001369 p3 l36: větší spolu s malým džbánkem byly přikryty mísou. Po levé straně pánve
sedlo,saddle,Artefact,teater,1901,1,1,CTX195704328 p1 l35: byl dále nalezen kamenný únětický mlat se žlábkovým sedlem (délka
silnice,road,Activity Area,teater,1416,1,1,"CTX198603218 p1 l2: 1980-81 - KULT: Středověk. LOK: ZSV Kravín, ca 6,5km JV od Tábora; Ikm sev. od silnice"
sima,sima,Artefact,teater,1807,1,1,CTX192100040 p15 l7: Pozdější SIMa: 431
tvrz,fortified house,Activity Area,teater,1437,1,1,"CTX201601688 p2 l14: pustý (Musil, F., Svoboda, L. 1998: Hrady zámky a tvrze okresu Rychnov nad Kněžnou, s."
uhlík,charcoal,Artefact,teater,1950,1,1,CTX198402945 p1 l47: a ke zdivu přiléhá šedá hlinito-jílovitá vrstva s četnými uhlíky
urbář,urbarium,Artefact,teater,2270,1,1,"CTX192100040 p3 l17: jest psáno,že * dle urbáře kláštera Strahovského z r.1416. /Erben, Reg. 106/"
usedlost,farmstead,Activity Area,teater,1454,1,1,CTX199405706 p1 l4: 504/1 DAT: 1820. KULT: 7. LOK: Bubníkova usedlost. NALEZ: kostr. hrob.
vápno,quicklime,Material,amcr,HES-000955,1,1,"CTX199603106 p3 l7: písku. Přestože opticky nevypadá podíl vápna v maltě jako výrazný,"
věž,tower,Feature,amcr,HES-000509,1,1,CTX199603106 p5 l10: a pi 1ířem nesoucím Staroměstskou mosteckou věž by činí 1 zhruba 19 m.
zámek,lock,Artefact,amcr,HES-000817,1,1,"CTX201601688 p2 l14: pustý (Musil, F., Svoboda, L. 1998: Hrady zámky a tvrze okresu Rychnov nad Kněžnou, s."
zámek (sídlo elity),châteaux,Activity Area,teater,1439,1,1,"CTX201601688 p2 l14: pustý (Musil, F., Svoboda, L. 1998: Hrady zámky a tvrze okresu Rychnov nad Kněžnou, s."
(polo)zemnice,pit house,Feature,amcr,HES-000497,0,0,
Artemísion,Artemisium,Activity Area,teater,1306,0,0,
Asklépieion,Asclepeion,Activity Area,teater,1307,0,0,
Ekklésiastérion,Ekklesiasterion,Feature,teater,1512,0,0,
HaD–LtA,HaD–LtA,Chronology,amcr,HES-000309,0,0,
Itala,itala,Artefact,teater,2219,0,0,
Métróon,Metroon,Activity Area,teater,1313,0,0,
Múseion,Museion,Feature,teater,1534,0,0,
Nummus,Nummus,Artefact,teater,2288,0,0,
acheuléen,Acheulian,Chronology,teater,1078,0,0,
adyton,adyton,Feature,teater,1711,0,0,
agora,agora,Activity Area,teater,1469,0,0,
akanthos,acanthus,Artefact,teater,1791,0,0,
akropole,acropolis,Activity Area,teater,1424,0,0,
akrótérion,acroterion,Artefact,teater,1792,0,0,
akta,acta,Artefact,teater,2182,0,0,
akvadukt,aqueduct,Activity Area,teater,1414,0,0,
akvamanile,aquamanile,Artefact,amcr,HES-000651,0,0,
alabastron,alabastron,Artefact,teater,2029,0,0,
album,album,Artefact,teater,2251,0,0,
amfiprostylos,amphiprostyle,Activity Area,teater,1305,0,0,
amfiteátr,amphitheatre,Feature,teater,1483,0,0,
amfora,amphorae,Artefact,amcr,HES-000652,0,0,
amulet,amulet,Artefact,teater,2375,0,0,
analogie,analogy,Methods,teater,207,0,0,
andrón,andron,Feature,teater,1502,0,0,
antefix,antefix,Artefact,teater,1794,0,0,
antifonář,antiphonary,Artefact,teater,2216,0,0,
antika,classical antiquity,Chronology,teater,1259,0,0,
antrakologie/xylotomie,anthracology/xylotomy,Methods,amcr,HES-000604,0,0,
apoikia,apoikia,Activity Area,teater,1442,0,0,
apokryf,apocryphus,Artefact,teater,2183,0,0,
apologie,apologetic,Artefact,teater,2187,0,0,
apotropaion,apotropaic magic,Artefact,teater,2376,0,0,
apsida,apse,Feature,teater,1712,0,0,
arca,arca,Artefact,teater,2311,0,0,
archeoentomologie,archeoentomology,Methods,amcr,HES-000624,0,0,
archeogenetika,archaeogenetics,Methods,amcr,HES-000606,0,0,
archeomalakologie,archeomalacology,Methods,amcr,HES-000621,0,0,
archeoparazitologie,archeoparasitology,Methods,amcr,HES-000626,0,0,
archeoskanzen,archaeological open-air museum,Location & Admin,teater,254,0,0,
archeozoologie,archaeozoology,Methods,amcr,HES-000607,0,0,
architráv,architrave,Artefact,teater,1795,0,0,
armamentarium,armamentaria,Feature,teater,1490,0,0,
aryballos,aryballos,Artefact,teater,2031,0,0,
askos,askos,Artefact,teater,2032,0,0,
atrium,atrium,Feature,teater,1503,0,0,
aula,aule,Feature,teater,1504,0,0,
aulos,aulos,Artefact,teater,1827,0,0,
aureus,aureus,Artefact,teater,2278,0,0,
aurignacien,Aurignacian,Chronology,amcr,HES-000262,0,0,
balista,ballista,Artefact,teater,1977,0,0,
bankovka,paper money,Artefact,amcr,HES-000650,0,0,
barbiton,barbiton,Artefact,teater,1828,0,0,
barvivo,colourant,Material,amcr,HES-000903,0,0,
bastion,bastion,Feature,teater,1620,0,0,
bastion/reduta,bastion/redoubt,Feature,amcr,HES-000468,0,0,
bavlna,cotton,Material,teater,2434,0,0,
bazilika,basilica,Activity Area,teater,1334,0,0,
bašta,wall tower,Feature,amcr,HES-000528,0,0,
bergfrit,keep,Feature,teater,1622,0,0,
bible,bible,Artefact,teater,2217,0,0,
biga,biga,Artefact,teater,1915,0,0,
bioarcheologie,bioarchaeology,Methods,amcr,HES-001439,0,0,
biografie,biography,Artefact,teater,2188,0,0,
bohunicien,Bohunician,Chronology,amcr,HES-000261,0,0,
boj,fighting activity,Activity Area,amcr,HES-000008,0,0,
borka,bark,Material,teater,2435,0,0,
brakteát,bracteate,Artefact,teater,2279,0,0,
breviář,breviary,Artefact,teater,2221,0,0,
bronteion,bronteion,Feature,teater,1484,0,0,
brož,brooch,Artefact,teater,2377,0,0,
brusle,ice skate,Artefact,amcr,HES-000743,0,0,
brána,gate,Feature,amcr,HES-000529,0,0,
bucchero,bucchero,Material,teater,2465,0,0,
budova/stavba,building/structure,Feature,amcr,HES-000438,0,0,
budík,alarm clock,Artefact,teater,2089,0,0,
bulava,club,Artefact,amcr,HES-000785,0,0,
bulla,bulla,Artefact,teater,2378,0,0,
burgus,burgus,Feature,teater,1625,0,0,
búleutérion,bouleuterion,Feature,teater,1553,0,0,
břitva,razor,Artefact,amcr,HES-000661,0,0,
calceus,calceus,Artefact,teater,2323,0,0,
caliga,caliga,Artefact,teater,2324,0,0,
carcer,carcer,Feature,teater,1567,0,0,
castellum,castellum,Activity Area,teater,1292,0,0,
cedník,colander,Artefact,amcr,HES-000682,0,0,
cella,cella,Feature,teater,1713,0,0,
cesta,roads,Feature,amcr,HES-000048,0,0,
cestopis,travelogue,Artefact,teater,2189,0,0,
chalcedon,chalcedony,Material,teater,2447,0,0,
chata,hut,Feature,teater,1519,0,0,
chitón,chiton,Artefact,teater,2170,0,0,
chlaina,chlaina,Artefact,teater,2171,0,0,
chlamys,chlamys,Artefact,teater,2172,0,0,
chléb,bread,Artefact,teater,2410,0,0,
chlév,animal shed,Feature,teater,1520,0,0,
chodba,corridor,Feature,amcr,HES-000494,0,0,
chrlič,gargoyle,Artefact,teater,1799,0,0,
chrám,temple,Activity Area,teater,3865,0,0,
chytra,khytra,Artefact,teater,2042,0,0,
cirkus,circus,Feature,teater,1492,0,0,
cista,cista,Artefact,teater,2035,0,0,
cisterna,cistern,Feature,amcr,HES-000445,0,0,
colonia,colonia,Activity Area,teater,1353,0,0,
commentarius,commentarii,Artefact,teater,2190,0,0,
cornu,cornu,Artefact,teater,1829,0,0,
corona,corona,Artefact,teater,2361,0,0,
corpus,text corpus,Artefact,teater,2191,0,0,
cukr,sugar,Artefact,teater,2408,0,0,
cymbál,cymbal,Artefact,teater,1830,0,0,
cypřiš,Cupressus,Material,teater,2444,0,0,
cín,tin,Material,amcr,HES-000921,0,0,
dehet,tar,Material,amcr,HES-000922,0,0,
dehtárna,tar kiln,Activity Area,amcr,HES-000079,0,0,
dekret,decree,Artefact,teater,2254,0,0,
dendrochronologie,dendrochronology,Methods,amcr,HES-000609,0,0,
denár,denarius,Artefact,teater,2282,0,0,
deník,Diary,Artefact,teater,3733,0,0,
deponování,deposition activity,Activity Area,amcr,HES-000007,0,0,
devocionálie,devotional object,Artefact,teater,2367,0,0,
diamant,diamond,Material,teater,2439,0,0,
diatessaron,diatessaron,Artefact,teater,2222,0,0,
diazóma,diazoma,Feature,teater,1485,0,0,
didaché,didache,Artefact,teater,2223,0,0,
dipteros,dipteros,Activity Area,teater,1308,0,0,
diptychon,diptych,Artefact,teater,2246,0,0,
divadlo,theatre,Feature,teater,1493,0,0,
dlažba,pavement,Feature,teater,1580,0,0,
dlaždice,floor tile,Artefact,amcr,HES-000678,0,0,
dláto,chisel,Artefact,amcr,HES-000824,0,0,
dláždění,pavement,Feature,amcr,HES-000492,0,0,
dolmen,dolmen,Feature,teater,1651,0,0,
dopis,letter,Artefact,teater,2201,0,0,
doprava,transportation,Artefact,teater,1895,0,0,
drachma,drachma,Artefact,teater,2283,0,0,
drasadlo,side scraper,Artefact,amcr,HES-000715,0,0,
drtidlo,grindstone,Artefact,teater,2094,0,0,
drtidlo/zrnotěrka,handstone/saddle quern,Artefact,amcr,HES-000795,0,0,
druhohory,mesozoic,Chronology,teater,1054,0,0,
drát,wire,Artefact,amcr,HES-000782,0,0,
dukát,ducat,Artefact,teater,2284,0,0,
dvorec,manorial farm,Activity Area,teater,1425,0,0,
dvorec/dvůr,curia/manorial farm,Activity Area,amcr,HES-000014,0,0,
dvůr,court,Activity Area,teater,1426,0,0,
dyzna,nozzle,Artefact,amcr,HES-000689,0,0,
dáreikos,dareikos,Artefact,teater,2281,0,0,
dílna,workshop,Feature,teater,1761,0,0,
dóm,duomo,Activity Area,teater,3864,0,0,
dýka,dagger,Artefact,amcr,HES-000820,0,0,
dýmačka,fuming blast-furnace,Feature,teater,1691,0,0,
dýmka,pipe,Artefact,amcr,HES-000635,0,0,
dřevo,wood,Material,amcr,HES-000923,0,0,
dřevořezba,woodcarving,Artefact,teater,1815,0,0,
džbán,jug,Artefact,amcr,HES-000636,0,0,
echínos,echinus,Artefact,teater,1797,0,0,
efémeris,ephemeris,Artefact,teater,2192,0,0,
ekkykléma,ekkyklema,Feature,teater,1486,0,0,
ekofakt,ecofact,Artefact,amcr,HES-000775,0,0,
elektron,electrum,Material,teater,2480,0,0,
elogium,elogium,Feature,teater,1653,0,0,
empora,matroneum,Feature,teater,1581,0,0,
eneolit,Eneolithic,Chronology,amcr,HES-000285,0,0,
enkaustika,encaustic painting,Artefact,teater,1854,0,0,
enkolpión,engolpion,Artefact,teater,3862,0,0,
entasis,entasis,Feature,teater,1603,0,0,
epanagoge,epanagoge,Artefact,teater,2193,0,0,
epigravettien,Epigravettian,Chronology,amcr,HES-000263,0,0,
epimagdalenien,epimagdalenian,Chronology,teater,1096,0,0,
epimagdalénien,Epimagdalenian,Chronology,amcr,HES-000265,0,0,
epitaf,epitaph,Artefact,teater,2312,0,0,
ergastulum,ergastulum,Feature,teater,1763,0,0,
ergastérion,ergasterion,Feature,teater,1762,0,0,
essedum,essedum,Artefact,teater,1913,0,0,
evangeliář,evangeliary,Artefact,teater,2224,0,0,
exedra,exedra,Feature,teater,1505,0,0,
exegeze,exegesis,Artefact,teater,2194,0,0,
exómis,exomis,Artefact,teater,2168,0,0,
fajáns,faience,Material,teater,2452,0,0,
faléra,phalera,Artefact,amcr,HES-000745,0,0,
fara,rectory,Feature,teater,1513,0,0,
fasces,fasces,Artefact,teater,2365,0,0,
fialé,phiale,Artefact,teater,2039,0,0,
florén,florin,Artefact,teater,2285,0,0,
fontána,fountain,Feature,teater,1609,0,0,
forminx,phorminx,Artefact,teater,1831,0,0,
freska,frescoe,Artefact,teater,1824,0,0,
fórum,forum,Activity Area,teater,1470,0,0,
garum,garum,Artefact,teater,2409,0,0,
gem,gemstone,Artefact,teater,2381,0,0,
gemma,gem,Artefact,amcr,HES-000731,0,0,
geoarcheologie,geoarchaeology,Methods,amcr,HES-000613,0,0,
geochemie,geochemistry,Methods,amcr,HES-000615,0,0,
geochronologie,geochronology,Methods,amcr,HES-001442,0,0,
geofyzika,geophysics,Methods,amcr,HES-000614,0,0,
geomorfologie,geomorphology,Methods,amcr,HES-001443,0,0,
geranos,mechane,Artefact,teater,2095,0,0,
glosář,glossary,Artefact,teater,2195,0,0,
gombík,spherical button,Artefact,amcr,HES-000693,0,0,
graduál,gradual,Artefact,teater,2225,0,0,
graffito,graffiti,Artefact,teater,1825,0,0,
grafit,graphite,Material,amcr,HES-000924,0,0,
gravettien,Gravettian,Chronology,amcr,HES-000311,0,0,
gravimetrie,gravimetry,Methods,teater,134,0,0,
grešle,groschen,Artefact,teater,2286,0,0,
groma,groma,Artefact,teater,2096,0,0,
grotta,grotto,Feature,teater,1683,0,0,
guttae,guttae,Artefact,teater,1798,0,0,
gymnasion,gymnasium,Feature,teater,1514,0,0,
hagiografie,hagiography,Artefact,teater,2226,0,0,
haltýř,spring house,Feature,amcr,HES-000478,0,0,
hamr,hammer mill,Feature,amcr,HES-000545,0,0,
harfa,harp,Artefact,teater,1832,0,0,
harpuna,harpoon,Artefact,teater,1988,0,0,
hať,corduroy road,Feature,amcr,HES-000521,0,0,
hedvábí,silk,Material,teater,2446,0,0,
hekatompedon,hekatompedon temple,Activity Area,teater,1309,0,0,
hermovka,herma,Artefact,teater,1890,0,0,
himation,himation,Artefact,teater,2169,0,0,
hipodrom,hippodrome,Feature,teater,1516,0,0,
hladítko,smoother,Artefact,amcr,HES-000825,0,0,
hliník,clay pit,Feature,amcr,HES-000512,0,0,
hlušina,gangue,Artefact,teater,1938,0,0,
hodina,hour,Artefact,teater,2099,0,0,
hodiny,clock,Artefact,teater,2098,0,0,
hodometr,hodometron,Artefact,teater,2100,0,0,
holocén,holocene,Chronology,teater,1063,0,0,
hostinec,inn,Feature,teater,1518,0,0,
hračka,toy,Artefact,teater,1966,0,0,
hrnec,pot,Artefact,amcr,HES-000768,0,0,
hrobka,tomb,Feature,amcr,HES-000430,0,0,
hrot/hák,spike/hook,Artefact,amcr,HES-000783,0,0,
hrádek,fortified manor,Activity Area,teater,1428,0,0,
hráz,embankment/dam,Feature,amcr,HES-000493,0,0,
hydria,hydria,Artefact,teater,2041,0,0,
hák,hook,Artefact,teater,1957,0,0,
héróon,heroon,Activity Area,teater,1310,0,0,
hřbitov,cemetery,Activity Area,teater,1408,0,0,
hřeb,spike,Artefact,teater,2342,0,0,
hřeb/hřebík/nýt,nail/rivet,Artefact,amcr,HES-000679,0,0,
hřeben,comb,Artefact,amcr,HES-000826,0,0,
hřebík,nail,Artefact,teater,2341,0,0,
hřivna,ingot,Artefact,amcr,HES-000829,0,0,
idól,idol,Artefact,teater,1819,0,0,
ikona,icon,Artefact,teater,1855,0,0,
impluvium,impluvium,Feature,teater,1506,0,0,
ingot,ingot,Artefact,teater,2304,0,0,
insignie,insignia,Artefact,teater,2364,0,0,
insula,insula,Feature,teater,1498,0,0,
intruze,intrusion,Activity Area,amcr,HES-000010,0,0,
itinerář,itinerarium,Artefact,teater,2196,0,0,
jadeit,jadeite,Material,teater,2440,0,0,
jantar,amber,Material,amcr,HES-000926,0,0,
jaspis,jasper,Material,teater,2449,0,0,
jatka,slaughterhouse,Feature,teater,1522,0,0,
jehelník,pincushion,Artefact,teater,2103,0,0,
jehla,needle,Artefact,teater,2104,0,0,
jehla/špendlík,needle/pin,Artefact,amcr,HES-000804,0,0,
jeskyně,cave,Feature,teater,1682,0,0,
ječmen,barley,Artefact,teater,1927,0,0,
jídlo,food,Artefact,teater,2411,0,0,
jíl,loam,Material,teater,2455,0,0,
kabeirion,cabeirion,Activity Area,teater,1312,0,0,
kadlub,mold,Artefact,amcr,HES-000716,0,0,
kalich,goblet,Artefact,teater,2043,0,0,
kalvárie,calvary,Activity Area,teater,1324,0,0,
kamej,cameo,Artefact,teater,2384,0,0,
kamenina,stoneware,Material,teater,2456,0,0,
kamenolom,stone quarry,Activity Area,teater,1465,0,0,
kamna,stove,Feature,amcr,HES-000422,0,0,
kanalizace,sewer,Feature,amcr,HES-000464,0,0,
kancionál,hymnal,Artefact,teater,2228,0,0,
kanelura,fluting,Feature,teater,1604,0,0,
kanopa,canopic jars,Artefact,teater,2044,0,0,
kantharos,kantharos,Artefact,teater,2045,0,0,
kanál/náhon,channel/millrace,Activity Area,amcr,HES-000053,0,0,
kapitula,chapter house,Activity Area,teater,1327,0,0,
kaple,chapel,Feature,amcr,HES-000020,0,0,
kaptorga,kaptorga (metal pendant case),Artefact,amcr,HES-000700,0,0,
karroballista,carroballista,Artefact,teater,1978,0,0,
kasie,casia,Artefact,teater,2412,0,0,
kasárna,barracks,Activity Area,teater,1449,0,0,
katakomby,catacombs,Feature,teater,1775,0,0,
katedrála,cathedral,Activity Area,teater,1336,0,0,
kačkar,khachkar,Activity Area,teater,1326,0,0,
kašna,fountain,Feature,amcr,HES-000479,0,0,
kenotaf,cenotaph,Artefact,teater,2314,0,0,
kenozoikum,cenozoic,Chronology,teater,1055,0,0,
keras,keras,Artefact,teater,1833,0,0,
kithara,kithara,Artefact,teater,1834,0,0,
kladivo,hammer,Artefact,teater,2109,0,0,
kladivo/palice,hammer/sledgehammer,Artefact,amcr,HES-000796,0,0,
klenba,vaults,Feature,amcr,HES-000495,0,0,
klobouk,hat,Artefact,teater,2173,0,0,
klín,wedge,Artefact,amcr,HES-000717,0,0,
klíné,kline,Artefact,teater,2024,0,0,
klíč,key,Artefact,amcr,HES-000728,0,0,
kniha,book,Artefact,amcr,HES-000840,0,0,
knihovna,library,Feature,teater,1524,0,0,
knoflík,button,Artefact,amcr,HES-000675,0,0,
koberec,carpet,Artefact,teater,2025,0,0,
koflík,cup,Artefact,amcr,HES-000769,0,0,
kolektor,collector,Feature,amcr,HES-000516,0,0,
kolumbárium,columbarium,Feature,teater,1661,0,0,
komenda,commandery,Activity Area,teater,1450,0,0,
kompendium,compendium,Artefact,teater,2199,0,0,
komunikace,transportation activity,Activity Area,amcr,HES-000006,0,0,
konference,conference,Location & Admin,amcr,HES-001152,0,0,
konvice,pitcher,Artefact,amcr,HES-000690,0,0,
konzervace,conservation,Methods,teater,210,0,0,
konírna,horse barn,Feature,teater,1526,0,0,
kopiář,copybook,Artefact,teater,2258,0,0,
kopí,spear,Artefact,teater,1996,0,0,
korespondence,correspondence,Artefact,teater,2200,0,0,
koroplastika,greek terracotta figurine,Artefact,teater,1820,0,0,
koroze,corrosion,Methods,teater,216,0,0,
korál,coral,Material,amcr,HES-000938,0,0,
korálek,bead,Artefact,amcr,HES-000663,0,0,
koré,kore,Artefact,teater,1891,0,0,
kosa,scythe,Artefact,amcr,HES-000798,0,0,
kostnice,ossuary,Feature,amcr,HES-000432,0,0,
kotel,cauldron (kotel/Kessel),Artefact,teater,2048,0,0,
kotel/kotlík,kettle,Artefact,amcr,HES-000770,0,0,
kotlík,cauldron (kotlík/Becken),Artefact,teater,2049,0,0,
kotylé,kotyle,Artefact,teater,2050,0,0,
kov,metal,Material,amcr,HES-000907,0,0,
kovadlina,anvil,Artefact,amcr,HES-000654,0,0,
kování,mount,Artefact,amcr,HES-000694,0,0,
kovárna,blacksmith,Feature,amcr,HES-000546,0,0,
koření,spice,Artefact,teater,2413,0,0,
kožešina,fur,Material,teater,2490,0,0,
krb,fireplace,Feature,teater,1507,0,0,
krejcar,kreuzer,Artefact,teater,2287,0,0,
krev,blood,Artefact,teater,1923,0,0,
kromlech,cromlech,Activity Area,teater,1346,0,0,
kronika,chronicle,Artefact,teater,2202,0,0,
kroužek/kruh,circle/ring,Artefact,amcr,HES-000764,0,0,
krov,truss,Feature,teater,1586,0,0,
krumlovien,Krumlovian,Chronology,amcr,HES-000314,0,0,
krumpáč,pickaxe,Artefact,teater,2114,0,0,
kružba,tracery,Feature,teater,1717,0,0,
krypta,crypt,Feature,teater,1663,0,0,
kryptoportikus,cryptoporticus,Feature,teater,1587,0,0,
krám,shop,Feature,teater,1527,0,0,
krátér,krater,Artefact,teater,2051,0,0,
kulička,marble,Artefact,teater,1961,0,0,
kulička/koule,ball/sphere,Artefact,amcr,HES-000760,0,0,
kurhan,kurgan,Feature,teater,1664,0,0,
kurvatura,curvature,Artefact,teater,1800,0,0,
kuše,crossbow,Artefact,amcr,HES-000822,0,0,
kyathos,kyathos,Artefact,teater,2053,0,0,
kylix,kylix,Artefact,teater,2054,0,0,
kázání,sermon,Artefact,teater,2229,0,0,
kúros,kouros,Artefact,teater,1892,0,0,
křemen,quartz,Material,teater,2491,0,0,
křemenec,quartzite,Material,teater,2492,0,0,
křesadlo,strike a light,Artefact,teater,2115,0,0,
křesadlo/ocílka,firesteel,Artefact,amcr,HES-000729,0,0,
křišťál,quartz crystal,Material,teater,2493,0,0,
křtitelnice,baptismal font,Feature,amcr,HES-000499,0,0,
křížek,cross,Artefact,amcr,HES-000664,0,0,
kůl/sloup,stake/post,Feature,amcr,HES-000447,0,0,
kůra,bark,Material,amcr,HES-000940,0,0,
kůže,leather,Material,amcr,HES-000909,0,0,
lahev,bottle,Artefact,amcr,HES-000691,0,0,
lampa,lamp,Artefact,teater,2056,0,0,
lampa/kahan,lamp/burner,Artefact,amcr,HES-000695,0,0,
lastura,shell,Material,teater,2496,0,0,
lebés,lebes,Artefact,teater,2057,0,0,
len,linen,Material,teater,2497,0,0,
lesché,lesche,Feature,teater,1499,0,0,
letopisy,annals,Artefact,teater,2210,0,0,
leták,leaflet,Artefact,teater,2209,0,0,
liber,libellus,Artefact,teater,2211,0,0,
libum,libum,Artefact,teater,2417,0,0,
listina,deed,Artefact,amcr,HES-000670,0,0,
lituus,lituus,Artefact,teater,1837,0,0,
loch,larder (cellar),Feature,amcr,HES-000487,0,0,
lopata,shovel,Artefact,teater,2117,0,0,
lopata/rýč,shovel/spade,Artefact,amcr,HES-000655,0,0,
loď,ship,Artefact,teater,1905,0,0,
lyceum,lyceum,Feature,teater,1529,0,0,
lyra,lyre,Artefact,teater,1838,0,0,
láhev,bottle,Artefact,teater,2055,0,0,
lázně,spa,Activity Area,teater,1269,0,0,
léky,medicine,Artefact,teater,2416,0,0,
lékythos,lekythos,Artefact,teater,2058,0,0,
léčiva,medication,Artefact,teater,2415,0,0,
lútroforos,loutrophoros,Artefact,teater,2059,0,0,
lžíce,spoon,Artefact,amcr,HES-000730,0,0,
maenianum,maenianum,Feature,teater,1508,0,0,
magdalénien,Magdalenian,Chronology,amcr,HES-000283,0,0,
magnetometr,magnetometer,Methods,teater,136,0,0,
magnetometrie,magnetometry,Methods,teater,135,0,0,
majolika,maiolica,Material,teater,2471,0,0,
maják,lighthouse,Feature,teater,1530,0,0,
makrozbytky,macroremains,Material,teater,2498,0,0,
malakofauna,mollusca,Artefact,amcr,HES-000777,0,0,
malba,painting,Artefact,teater,1850,0,0,
malba/freska,painting/fresco,Feature,amcr,HES-000540,0,0,
mamutovina,mammoth ivory,Material,teater,2500,0,0,
maska,mask,Artefact,teater,1874,0,0,
maskaron,mascaron,Artefact,teater,1801,0,0,
matrika,birth register,Artefact,teater,2264,0,0,
mauzoleum,mausoleum,Feature,teater,1665,0,0,
meander,meander,Feature,teater,1684,0,0,
med,honey,Artefact,teater,2418,0,0,
medaile,medal,Artefact,teater,2362,0,0,
medailon,medallion,Artefact,teater,2389,0,0,
medovina,mead,Artefact,teater,2419,0,0,
megaron,megaron,Feature,teater,1500,0,0,
menhir,menhir,Feature,amcr,HES-000500,0,0,
mensa,mensa,Artefact,teater,2119,0,0,
meta,meta,Feature,teater,1589,0,0,
metalografie,metallography,Methods,amcr,HES-000630,0,0,
metopa,metope,Artefact,teater,1802,0,0,
metropole,metropolis,Activity Area,teater,1390,0,0,
mezník/patník,milestone/boundary stone,Feature,amcr,HES-000522,0,0,
mezolit,Mesolithic,Chronology,amcr,HES-000275,0,0,
meč,sword,Artefact,amcr,HES-000786,0,0,
mešita,mosque,Activity Area,teater,1344,0,0,
micoquien,Micoquien,Chronology,amcr,HES-000292,0,0,
mikrosondáž,shovel test,Methods,teater,113,0,0,
mikrostratigrafie,microstratigraphy,Methods,amcr,HES-001444,0,0,
militaria,weapons and armour,Artefact,amcr,HES-000784,0,0,
milíř,charcoal kiln,Feature,amcr,HES-000554,0,0,
milířiště,charcoal kiln,Activity Area,amcr,HES-000029,0,0,
minaret,minaret,Feature,teater,1720,0,0,
mincovna,mint,Feature,teater,1766,0,0,
misál,missal,Artefact,teater,2231,0,0,
mitra,mitra,Artefact,teater,2320,0,0,
mlýn,mill,Feature,amcr,HES-000028,0,0,
mohylník,barrow cemetery,Activity Area,teater,1410,0,0,
monastýr,monastery (Eastern Orthodox Church),Activity Area,teater,1383,0,0,
monochord,monochord,Artefact,teater,1839,0,0,
monopteros,monopteros,Activity Area,teater,1314,0,0,
monoxyl,logboat,Artefact,teater,1898,0,0,
moretum,moretum,Artefact,teater,2421,0,0,
mosaz,brass,Material,amcr,HES-000913,0,0,
most/brod,bridge/ford,Activity Area,amcr,HES-000049,0,0,
motte,motte,Feature,amcr,HES-000531,0,0,
motyka,hoe,Artefact,teater,2157,0,0,
motyka/krumpáč,mattock/pickaxe,Artefact,amcr,HES-000799,0,0,
moustérien,Mousterian,Chronology,amcr,HES-000312,0,0,
mozaika,mosaic,Artefact,teater,1875,0,0,
mramor,marble,Material,teater,2508,0,0,
mulsum,mulsum,Artefact,teater,2422,0,0,
mumie,mummy,Artefact,teater,1925,0,0,
municipium,municipium,Activity Area,teater,1396,0,0,
muzeum/skanzen,museum/open-air museum,Activity Area,amcr,HES-000129,0,0,
měkkýš,Mollusca,Material,teater,2502,0,0,
městečko,small town,Activity Area,teater,1445,0,0,
měď,copper,Material,amcr,HES-000912,0,0,
narthex,narthex,Feature,teater,1722,0,0,
navážka,backfill,Feature,amcr,HES-000457,0,0,
nekrologium,necrology,Artefact,teater,2235,0,0,
nemocnice,hospital,Feature,teater,1536,0,0,
neogén,neogene,Chronology,teater,1058,0,0,
neolit,Neolithic,Chronology,amcr,HES-000267,0,0,
neolit-eneolit,neolithic-eneolithic,Chronology,teater,1100,0,0,
neolit–eneolit,Neolithic–Eneolithic,Chronology,amcr,HES-000387,0,0,
nevěstinec,brothel,Feature,teater,1537,0,0,
neznámý,unknown,Methods,amcr,HES-000601,0,0,
nika,niche,Feature,amcr,HES-000448,0,0,
nikl,nickel,Material,teater,2484,0,0,
noviny,newspaper,Artefact,teater,2236,0,0,
novověk,Modern Period,Chronology,amcr,HES-000252,0,0,
numismatika,numismatics,Methods,amcr,HES-000623,0,0,
nymfeum,nymphaeum,Feature,teater,1618,0,0,
nábytek,furniture,Artefact,teater,2023,0,0,
nádrž,reservoir,Feature,teater,1778,0,0,
náholenice,greave,Artefact,teater,2014,0,0,
náhon,millrace,Feature,amcr,HES-000513,0,0,
náhrobek,gravestone,Feature,teater,1667,0,0,
nákončí,mordant,Artefact,amcr,HES-000668,0,0,
nákrčník,neck ring,Artefact,amcr,HES-000665,0,0,
nánožník,anklet,Artefact,amcr,HES-000836,0,0,
nápažník,armlet,Artefact,amcr,HES-000812,0,0,
nápoj,drink,Artefact,teater,2423,0,0,
náprsník,breastplate,Artefact,teater,2015,0,0,
náprstek,thimble,Artefact,amcr,HES-000805,0,0,
náramek,bracelet,Artefact,amcr,HES-000666,0,0,
násep,bank,Feature,amcr,HES-000456,0,0,
násyp,bank,Feature,teater,1753,0,0,
náušnice,earring,Artefact,amcr,HES-000667,0,0,
nářadí,hand tool,Artefact,teater,2122,0,0,
nýt,rivet,Artefact,teater,2343,0,0,
nůž,knife,Artefact,amcr,HES-000806,0,0,
nůžky,scissors,Artefact,amcr,HES-000807,0,0,
obilky/semena,caryopses/seeds,Material,amcr,HES-000914,0,0,
obilnice,granary,Feature,teater,1779,0,0,
obilniny,cereals,Artefact,teater,1926,0,0,
obolos,Obolos,Artefact,teater,2289,0,0,
obora,game park,Activity Area,amcr,HES-000037,0,0,
obsidián,obsidian,Material,teater,2509,0,0,
obuv,footwear,Artefact,amcr,HES-000735,0,0,
obval,spoil bank,Feature,amcr,HES-000561,0,0,
obývání,residential activity,Activity Area,amcr,HES-000001,0,0,
obětiště,sacrifice site,Activity Area,teater,1348,0,0,
ocílka,firesteel,Artefact,teater,2125,0,0,
odlitek,casting,Methods,teater,200,0,0,
odpad,waste,Artefact,amcr,HES-000778,0,0,
odval,spoil tip,Feature,teater,1741,0,0,
oděv,clothing,Artefact,teater,2167,0,0,
ohrazení/fortifikace,enclosure/fortification,Feature,amcr,HES-000527,0,0,
oinochoé,oenochoe,Artefact,teater,2061,0,0,
oldovan,Oldowan,Chronology,teater,1079,0,0,
olej,oils,Artefact,teater,2424,0,0,
olivy,olive,Artefact,teater,2425,0,0,
olovo,lead,Material,amcr,HES-000915,0,0,
oltář,altar,Feature,amcr,HES-000501,0,0,
omítka,plaster,Artefact,amcr,HES-000739,0,0,
onager,onager,Artefact,teater,1984,0,0,
opasek,belt,Artefact,amcr,HES-000676,0,0,
opisthodomos,opisthodomos,Feature,teater,1728,0,0,
opál,opal,Material,teater,2510,0,0,
oradlo,ard,Artefact,teater,2159,0,0,
orba,plowing,Feature,teater,1615,0,0,
orchéstra,orchestra,Feature,teater,1487,0,0,
ornament,ornament,Artefact,teater,1877,0,0,
ornamentika,ornamentation,Artefact,teater,1876,0,0,
ortofotomapa,orthophotomap,Methods,teater,125,0,0,
osteozoologie,osteozoology,Methods,amcr,HES-001440,0,0,
ostruha,spur,Artefact,amcr,HES-000787,0,0,
ostění,jamb,Artefact,amcr,HES-000710,0,0,
osvětlování,light source,Artefact,teater,2128,0,0,
otloukač,hammerstone,Artefact,amcr,HES-000656,0,0,
oves,oats,Artefact,teater,1929,0,0,
palaistra,palaestra,Feature,teater,1547,0,0,
palcát,mace (palcát),Artefact,teater,2002,0,0,
paleogén,palaeogene,Chronology,teater,1057,0,0,
paleoklimatologie,paleoclimatology,Methods,amcr,HES-001445,0,0,
paleolit,Palaeolithic,Chronology,amcr,HES-000253,0,0,
paleolit-mezolit,Palaeolithic-Mesolithic,Chronology,teater,1073,0,0,
paleolit–mezolit,Palaeolithic–Mesolithic,Chronology,amcr,HES-000284,0,0,
palice,club,Artefact,teater,2129,0,0,
palisáda,palisade,Feature,amcr,HES-000507,0,0,
palla,palla,Artefact,teater,2174,0,0,
palladium,palladium,Artefact,teater,1893,0,0,
palmeta,palmette,Artefact,teater,1878,0,0,
paludamentum,paludamentum,Artefact,teater,2175,0,0,
palynologie,palynology,Methods,amcr,HES-000625,0,0,
památkář,preservationist,Location & Admin,teater,267,0,0,
památkářka,woman preservationist,Location & Admin,teater,268,0,0,
památník,Album Amicorum,Artefact,teater,3735,0,0,
pancíř,cuirass,Artefact,teater,2016,0,0,
papyrus,papyrus,Material,teater,2530,0,0,
papír,paper,Material,amcr,HES-000917,0,0,
park,park,Activity Area,amcr,HES-000059,0,0,
parkán,zwinger,Feature,teater,1634,0,0,
parodos,parodos,Feature,teater,1592,0,0,
paroh,antler,Material,amcr,HES-000918,0,0,
parva,parvus,Artefact,teater,2290,0,0,
pasionál,passional,Artefact,teater,2233,0,0,
pasquino,pasquino,Artefact,teater,1894,0,0,
pastvina,pasture,Activity Area,teater,1295,0,0,
pastvina/louka,pasture/meadow,Activity Area,amcr,HES-000038,0,0,
pavlovien,pavlovian,Chronology,teater,1091,0,0,
pecka,fruit stone,Material,amcr,HES-000919,0,0,
pedologie,pedology,Methods,amcr,HES-000627,0,0,
pekárna,bakery,Feature,teater,1548,0,0,
pekáč,baking pan,Artefact,amcr,HES-000761,0,0,
peliké,pelike,Artefact,teater,2063,0,0,
peplos,peplos,Artefact,teater,2176,0,0,
pergamen,parchment,Material,teater,2531,0,0,
peribolos,peribolos,Activity Area,teater,1315,0,0,
peripteros,peripteros,Activity Area,teater,1316,0,0,
peristyl,peristyle,Feature,teater,1593,0,0,
perla,pearl,Material,amcr,HES-000920,0,0,
perleť/mušle,nacre/shell,Material,amcr,HES-000941,0,0,
petasos,petasos,Artefact,teater,2177,0,0,
petrografie/mineralogie,petrography,Methods,amcr,HES-000628,0,0,
pevnost,fortress,Activity Area,amcr,HES-000043,0,0,
pila,saw,Artefact,amcr,HES-000657,0,0,
pileus,pileus,Artefact,teater,2178,0,0,
pilník,file,Artefact,amcr,HES-000800,0,0,
pilota,pier,Feature,amcr,HES-000450,0,0,
pinakothéka,pinacotheca,Feature,teater,1549,0,0,
pinax,pinax,Artefact,teater,1871,0,0,
pinka,binge,Feature,amcr,HES-000562,0,0,
pinzeta,tweezers,Artefact,amcr,HES-000808,0,0,
piscina,piscina,Feature,teater,1616,0,0,
pithos,pithos,Artefact,teater,2065,0,0,
pivo,beer,Artefact,teater,2426,0,0,
pivovar,brewery,Activity Area,amcr,HES-000080,0,0,
plast,plastic,Material,amcr,HES-000942,0,0,
plastika/soška,sculpture/statue,Artefact,amcr,HES-000750,0,0,
platidlo,currency,Artefact,amcr,HES-000848,0,0,
plech,metal sheet,Artefact,amcr,HES-000680,0,0,
pleistocén,pleistocene,Chronology,teater,1060,0,0,
pleva,husk,Artefact,teater,1942,0,0,
plevel,weed,Artefact,teater,1941,0,0,
plinthos,plinth,Artefact,teater,1804,0,0,
plot,fence,Feature,teater,1635,0,0,
plošina,platform,Feature,amcr,HES-000569,0,0,
plužina,field system,Feature,amcr,HES-000504,0,0,
pochva,scabbard,Artefact,teater,1972,0,0,
pochva/pouzdro,sheath,Artefact,amcr,HES-000677,0,0,
podhradí,extramural settlement,Activity Area,teater,1446,0,0,
podkova,horseshoe,Artefact,amcr,HES-000746,0,0,
podorničí/podloží,subsoil,Finds Context,amcr,HES-000248,0,0,
pohár/číše,beaker/goblet,Artefact,amcr,HES-000722,0,0,
pohřbívání,burial activity,Activity Area,amcr,HES-000002,0,0,
pohřebiště/hřbitov,cemetery/graveyard,Activity Area,amcr,HES-000027,0,0,
pojivo,binder,Artefact,amcr,HES-000740,0,0,
poklad,treasure,Activity Area,teater,1301,0,0,
poklice,lid,Artefact,teater,2067,0,0,
poklička,lid,Artefact,amcr,HES-000724,0,0,
polenta,polenta,Artefact,teater,2427,0,0,
polotovar,semifinished artefact,Artefact,teater,2302,0,0,
polyptychon,polyptych,Artefact,teater,2247,0,0,
pomník/památník,memorial,Activity Area,amcr,HES-000128,0,0,
popelnice,urn,Artefact,amcr,HES-000726,0,0,
popraviště,execution site,Activity Area,amcr,HES-000058,0,0,
porcelán,porcelain,Material,teater,2472,0,0,
portál,portal,Artefact,amcr,HES-000711,0,0,
postroj/doprava,harness/transportation,Artefact,amcr,HES-000742,0,0,
potrubí,plumbing pipe,Artefact,amcr,HES-000741,0,0,
poustevna,hermitage,Feature,teater,1729,0,0,
poutko,loop,Artefact,teater,2349,0,0,
pouzdro,case,Artefact,teater,2327,0,0,
praetorium,praetorium,Feature,teater,1550,0,0,
prahory,Archean,Chronology,teater,1052,0,0,
prak,sling,Artefact,teater,2004,0,0,
pranýř,pillory,Feature,teater,1551,0,0,
pravěk,prehistory,Chronology,amcr,HES-000289,0,0,
pražnice,frying pan,Artefact,amcr,HES-000771,0,0,
prejz,pantile,Artefact,amcr,HES-000773,0,0,
presbytář,presbytery,Feature,teater,1730,0,0,
privilegium,privilege,Artefact,teater,2263,0,0,
prkno,board,Artefact,teater,2351,0,0,
prkno/fošna,board/plank,Artefact,amcr,HES-000687,0,0,
projektil,projectile,Artefact,teater,2005,0,0,
projektil/kule/munice,projectile/bullet/ammunition,Artefact,amcr,HES-000755,0,0,
pronáos,pronaos,Feature,teater,1731,0,0,
propylaje,propylaea,Feature,teater,1732,0,0,
proskénion,proscenium,Feature,teater,1488,0,0,
proso,millet,Artefact,teater,1930,0,0,
prostylos,prostylos,Activity Area,teater,1317,0,0,
proutí,wattle,Material,amcr,HES-000943,0,0,
prsten,finger ring,Artefact,amcr,HES-000669,0,0,
prvohory,palaeozoic,Chronology,teater,1053,0,0,
pryskyřice,resin,Material,amcr,HES-000944,0,0,
prytaneion,prytaneion,Feature,teater,1555,0,0,
průvlečka,clothing buckle,Artefact,amcr,HES-000683,0,0,
psyktér,psykter,Artefact,teater,2070,0,0,
puklice,spangle,Artefact,teater,2329,0,0,
puteál,puteal,Feature,teater,1733,0,0,
putna,large pitcher,Artefact,teater,2071,0,0,
pyl,polen,Material,amcr,HES-001007,0,0,
pylón,pylon,Feature,teater,1734,0,0,
pyramida,pyramid,Feature,teater,1670,0,0,
pyxid,pyxis,Artefact,teater,2072,0,0,
písemnost,written document,Artefact,amcr,HES-000839,0,0,
pískovec,sandstone,Material,teater,2515,0,0,
píšťala,pipe,Artefact,teater,1841,0,0,
předměstí,suburb,Activity Area,amcr,HES-000076,0,0,
přehrada,dam,Activity Area,amcr,HES-000054,0,0,
přeslen,spindle whorl,Artefact,amcr,HES-000809,0,0,
přezka,buckle,Artefact,amcr,HES-000732,0,0,
přilba,helmet,Artefact,teater,2017,0,0,
přístav,port,Activity Area,teater,1474,0,0,
přívěsek,pendant,Artefact,teater,2398,0,0,
přívěsek/závěsek,pendant,Artefact,amcr,HES-000837,0,0,
quadrigae,quadriga,Artefact,teater,1917,0,0,
radlice,ploughshare,Artefact,teater,2160,0,0,
radnice,town hall,Feature,teater,1552,0,0,
rakev,coffin,Artefact,amcr,HES-000704,0,0,
regest,regest,Artefact,teater,2239,0,0,
regia,regia,Feature,teater,1556,0,0,
relikviář,reliquary,Artefact,teater,2073,0,0,
replika,replica,Methods,teater,214,0,0,
rescriptum,rescriptum,Artefact,teater,2240,0,0,
restaurování,restoration,Methods,teater,217,0,0,
retábl,retable,Feature,teater,1727,0,0,
rhyton,rhyton,Artefact,teater,2074,0,0,
rohovec,chert,Material,teater,2534,0,0,
rolnička,jingle bell,Artefact,amcr,HES-000701,0,0,
rondel,roundel,Activity Area,teater,1405,0,0,
rondel/rondeloid,roundel/rondeloid,Activity Area,amcr,HES-000012,0,0,
rostra,rostra,Feature,teater,1610,0,0,
rotunda,rotunda,Activity Area,teater,1341,0,0,
ruda,ore,Artefact,amcr,HES-000830,0,0,
ruina,ruin,Location & Admin,amcr,HES-001456,0,0,
rybník,pond,Activity Area,amcr,HES-000055,0,0,
rybník/nádrž,pond/water tank,Feature,amcr,HES-000505,0,0,
rydlo,graver,Artefact,amcr,HES-000810,0,0,
rytina,engraving,Artefact,teater,1883,0,0,
rýč,spade,Artefact,teater,2135,0,0,
rýžoviště,panning site,Activity Area,amcr,HES-000035,0,0,
růženec,rosary,Artefact,teater,2400,0,0,
růženec/medailon,rosary/medallion,Artefact,amcr,HES-000702,0,0,
sad,orchard,Activity Area,teater,1297,0,0,
sagum,sagum,Artefact,teater,2180,0,0,
salpinx,salpinx,Artefact,teater,1843,0,0,
sandály,sandals,Artefact,teater,2325,0,0,
saně,sleds,Artefact,teater,1911,0,0,
sapropelit,sapropel,Material,teater,2536,0,0,
sarkofág,sarcophagus,Artefact,teater,2316,0,0,
schodiště,staircase,Feature,amcr,HES-000452,0,0,
scholion,scholia,Artefact,teater,2241,0,0,
sejp,spoil heap,Feature,teater,1744,0,0,
sejp/halda,spoil heap,Feature,amcr,HES-000563,0,0,
sekera,axe,Artefact,amcr,HES-000802,0,0,
sekeromlat,hammer-axe,Artefact,teater,2006,0,0,
sekeromlat/mlat,hammer axe,Artefact,amcr,HES-000789,0,0,
sekáč,chopper,Artefact,amcr,HES-000801,0,0,
semeno,seed,Material,teater,2537,0,0,
seník,hayloft,Feature,teater,1557,0,0,
sestertius,sestertius,Artefact,teater,2292,0,0,
sistrum,sistrum,Artefact,teater,1845,0,0,
situla,situla,Artefact,teater,2075,0,0,
skanzen,open-air museum,Location & Admin,teater,248,0,0,
sklo,glass,Material,amcr,HES-000947,0,0,
sklárna,glassworks,Activity Area,amcr,HES-000030,0,0,
skořápka,egg shell,Artefact,teater,1946,0,0,
skriptorium,scriptorium,Feature,teater,1769,0,0,
skyfos,skyphos,Artefact,teater,2076,0,0,
skéné,skene,Feature,teater,1494,0,0,
skříň,wardrobe,Artefact,teater,2026,0,0,
slitek,bloom,Artefact,amcr,HES-000831,0,0,
slonovina,elephant ivory,Material,teater,2540,0,0,
slonovina/mamutovina,ivory,Material,amcr,HES-000948,0,0,
sloup,column,Feature,teater,1602,0,0,
sloupořadí,colonnade,Feature,teater,1611,0,0,
sláma,straw,Artefact,teater,1947,0,0,
socha,statue,Artefact,teater,1888,0,0,
solidus,solidus,Artefact,teater,2293,0,0,
solutréen,solutrean,Chronology,teater,1092,0,0,
spektrometrie,spectrometry,Methods,teater,177,0,0,
spilit,spilite,Material,teater,2541,0,0,
splach,solifluction,Feature,teater,1757,0,0,
splach/naplavenina,colluvial/alluvial layer,Feature,amcr,HES-000461,0,0,
spona,fibula,Artefact,amcr,HES-000733,0,0,
spondylus,spondylus,Material,amcr,HES-000949,0,0,
srp,sickle,Artefact,amcr,HES-000659,0,0,
stadion,stadion,Feature,teater,1558,0,0,
stanice,camp,Activity Area,teater,1451,0,0,
stanice/tábořiště,camp,Activity Area,amcr,HES-000066,0,0,
starověk,ancient history,Chronology,teater,1258,0,0,
statér,stater,Artefact,teater,2294,0,0,
stezka,trail,Activity Area,teater,1419,0,0,
stilo,stylus,Artefact,teater,2139,0,0,
stilus,stylus,Artefact,amcr,HES-000811,0,0,
stodola,barn,Feature,amcr,HES-000483,0,0,
stola,stola,Artefact,teater,2331,0,0,
stoá,stoa,Feature,teater,1612,0,0,
stratigrafie,stratigraphy,Methods,teater,192,0,0,
strop,ceiling,Feature,teater,1605,0,0,
struska,slag,Artefact,amcr,HES-000645,0,0,
stylobat,stylobate,Artefact,teater,1808,0,0,
stáj,stable,Feature,teater,1559,0,0,
stáj/chlév,stable/cowshed,Feature,amcr,HES-000482,0,0,
stéla,stela,Feature,amcr,HES-000469,0,0,
středověk–novověk,Middle Ages–Modern Period,Chronology,amcr,HES-000392,0,0,
stříbro,silver,Material,amcr,HES-000950,0,0,
střížek,planchet,Artefact,teater,2300,0,0,
sukno,cloth,Material,teater,2544,0,0,
surovina,raw material,Artefact,amcr,HES-000832,0,0,
synagoga,synagogue,Activity Area,amcr,HES-000024,0,0,
szeletien,Szeletian,Chronology,amcr,HES-000260,0,0,
sýpka,granary (sýpka/Getreidespeiche),Feature,teater,1561,0,0,
sýpka/špýchar,granary/storehouse,Feature,amcr,HES-000484,0,0,
tablinum,tablinum,Feature,teater,1509,0,0,
tabulka,tablet,Artefact,teater,2243,0,0,
tafonomie,taphonomy,Methods,amcr,HES-001441,0,0,
talent,talent,Artefact,teater,2295,0,0,
talíř,plate,Artefact,amcr,HES-000766,0,0,
taubachien,Taubachian,Chronology,amcr,HES-000313,0,0,
telegrafie,telegraphy,Feature,teater,1678,0,0,
telestérion,telesterion,Activity Area,teater,1318,0,0,
tell,tell,Activity Area,teater,1457,0,0,
temenos,temenos,Activity Area,teater,1319,0,0,
terakota,terracotta,Material,teater,2473,0,0,
terina,terrine,Artefact,teater,2078,0,0,
terminus,terminus,Feature,teater,1677,0,0,
termografie,thermography,Methods,teater,127,0,0,
termometrie,thermometry,Methods,teater,137,0,0,
teslice,adze,Artefact,teater,2144,0,0,
tessera,tessera,Artefact,teater,2301,0,0,
tesák,dussack,Artefact,amcr,HES-000793,0,0,
tetradrachmon,tetradrachmon,Artefact,teater,2296,0,0,
textil,textile,Material,amcr,HES-000952,0,0,
theokoleion,theocoleon,Feature,teater,1564,0,0,
thermy,thermae,Activity Area,teater,1270,0,0,
tholos,tholos,Activity Area,teater,1320,0,0,
thyrsos,thyrsos,Artefact,teater,2372,0,0,
thésauros,thesauros,Feature,teater,1737,0,0,
tišnovien,tišnovien,Chronology,teater,1094,0,0,
tolar,taler,Artefact,teater,2297,0,0,
torus,torus,Artefact,teater,1809,0,0,
totem,totem,Artefact,teater,1822,0,0,
toulec,quiver,Artefact,teater,2011,0,0,
trativod,drainage,Feature,amcr,HES-000517,0,0,
tribón,tribon,Artefact,teater,2332,0,0,
triclinium,triclinium,Feature,teater,1510,0,0,
trigae,triga,Artefact,teater,1916,0,0,
triglyf,triglyph,Artefact,teater,1810,0,0,
triptychon,triptych,Artefact,teater,2248,0,0,
triéra,trireme,Artefact,teater,1909,0,0,
trojnožka,tripod,Artefact,teater,2147,0,0,
tropaeum,tropaion,Feature,teater,1568,0,0,
trsátko,plectrum,Artefact,teater,1846,0,0,
trám,beam,Artefact,amcr,HES-000816,0,0,
tuba,tuba,Artefact,teater,1847,0,0,
tunika,tunic,Artefact,teater,2333,0,0,
tvrz/hrádek,fortified manor,Activity Area,amcr,HES-000017,0,0,
tyglík,crucible,Artefact,amcr,HES-000772,0,0,
typologie,typology,Methods,teater,287,0,0,
tyčinka,rod,Artefact,teater,1963,0,0,
tyčinka/váleček,rod/log,Artefact,amcr,HES-000765,0,0,
tábořiště,camp site,Activity Area,teater,1452,0,0,
těžba,mining activity,Activity Area,amcr,HES-000004,0,0,
třetihory,tertiary,Chronology,teater,1056,0,0,
třmen,stirrup,Artefact,amcr,HES-000671,0,0,
ubrousek,napkin,Artefact,teater,2148,0,0,
udidlo,bridle bit,Artefact,amcr,HES-000672,0,0,
uhlí,coal,Material,amcr,HES-000953,0,0,
uhlíky/popel,charcoal/ash,Artefact,amcr,HES-000781,0,0,
ulice,street,Feature,teater,1572,0,0,
univerzita,university,Location & Admin,amcr,HES-001132,0,0,
useň,hides and skins,Material,teater,2495,0,0,
uzda,bridle,Artefact,teater,1904,0,0,
valoun,pebble,Artefact,amcr,HES-000833,0,0,
varhany,organ,Artefact,teater,1849,0,0,
vavřín,laurel,Artefact,teater,2428,0,0,
vejce,eggshell,Artefact,amcr,HES-000646,0,0,
veraikon,Veronica image,Artefact,teater,1873,0,0,
vesnice/městečko,village/town,Activity Area,amcr,HES-000068,0,0,
viadukt,viaduct,Activity Area,teater,1420,0,0,
videozáznam,video recording,Methods,teater,203,0,0,
vila,villa,Activity Area,teater,1438,0,0,
vitráž,stained glass,Feature,teater,1738,0,0,
vlna,wool,Material,teater,2549,0,0,
vltavín,moldavite,Material,teater,2551,0,0,
vlys,frieze,Artefact,teater,1812,0,0,
vodoteč,riverine water bodies,Feature,amcr,HES-000474,0,0,
vodovod,water supply pipe,Feature,amcr,HES-000518,0,0,
vosk,wax,Material,amcr,HES-000957,0,0,
vrstva/souvrství,layer/layer sequence,Feature,amcr,HES-000453,0,0,
vrt,sediment core sample,Methods,amcr,HES-001146,0,0,
vrták,borer,Artefact,teater,2151,0,0,
vytápění,heating,Feature,teater,1648,0,0,
vzorek,sample,Artefact,amcr,HES-000818,0,0,
váza,vase,Artefact,amcr,HES-000841,0,0,
víno,wine,Artefact,teater,2429,0,0,
výheň,furnace,Feature,teater,1700,0,0,
výplň/zásyp,fill/deposit,Feature,amcr,HES-000462,0,0,
výroba,production activity,Activity Area,amcr,HES-000003,0,0,
vývrat,windthrow,Feature,amcr,HES-000475,0,0,
vědro,bucket,Artefact,teater,2083,0,0,
vědro/situla,bucket/situla,Artefact,amcr,HES-000819,0,0,
věnec,wreath,Artefact,teater,2334,0,0,
věznice,prison,Feature,teater,1565,0,0,
věštírna,oracle,Activity Area,teater,1321,0,0,
věžice,half tower,Feature,amcr,HES-000510,0,0,
vůz,cart,Artefact,teater,1912,0,0,
xoanon,xoanon,Artefact,teater,1816,0,0,
zahrada,garden,Activity Area,amcr,HES-000526,0,0,
zahrada/sad,garden,Activity Area,amcr,HES-000040,0,0,
zavazadlo,luggage,Artefact,amcr,HES-000638,0,0,
zbroj,armor,Artefact,teater,2013,0,0,
zemnice,pithouse,Feature,teater,1786,0,0,
zinek,zinc,Material,teater,2487,0,0,
zlatka,gulden,Artefact,teater,2298,0,0,
zlato,gold,Material,amcr,HES-000958,0,0,
zrcadlo,mirror,Artefact,teater,2165,0,0,
zrnotěrka,grinding slab,Artefact,teater,2163,0,0,
zub,tooth,Artefact,amcr,HES-000647,0,0,
zvonek,bell,Artefact,teater,2166,0,0,
zvonice,bell tower,Feature,amcr,HES-000485,0,0,
záchod,toilet,Feature,teater,1511,0,0,
základy,foundations,Feature,amcr,HES-000498,0,0,
zákop,trench,Feature,amcr,HES-000535,0,0,
zámek/zámeček/vila,chateau/villa,Activity Area,amcr,HES-000018,0,0,
zápona,clasp,Artefact,amcr,HES-000637,0,0,
záušnice,temple ring,Artefact,amcr,HES-000838,0,0,
závaží,weight,Artefact,amcr,HES-000718,0,0,
závěť,will,Artefact,teater,2272,0,0,
ódeion,odeon,Feature,teater,1539,0,0,
úvoz,hollow way,Feature,amcr,HES-000524,0,0,
úštěp,flake,Artefact,teater,2308,0,0,
čelenka,head ornament,Artefact,teater,2379,0,0,
čepel,blade,Artefact,teater,2090,0,0,
čepel/čepelka,blade/small blade,Artefact,amcr,HES-000662,0,0,
čepelka,bladelet,Artefact,teater,2091,0,0,
čerpák,kyathos,Artefact,teater,2036,0,0,
činka,dumbbell,Artefact,teater,2404,0,0,
člun,boat,Artefact,amcr,HES-000744,0,0,
čtvrtohory,Quaternary,Chronology,teater,1059,0,0,
řetízek,chain necklace,Artefact,amcr,HES-000756,0,0,
řetěz,chain,Artefact,amcr,HES-000814,0,0,
řez,linear trench,Methods,amcr,HES-001148,0,0,
římsa,geison,Artefact,teater,1806,0,0,
šachovnice,chessboard,Artefact,teater,1969,0,0,
šachta,shaft,Feature,amcr,HES-000564,0,0,
šachy,chess,Artefact,teater,1967,0,0,
šavle,sabre,Artefact,amcr,HES-000791,0,0,
šibenice,gallows,Feature,amcr,HES-000511,0,0,
škrabadlo,endscraper,Artefact,amcr,HES-000660,0,0,
špendlík,pin,Artefact,teater,2142,0,0,
šperk,jewel,Artefact,teater,2374,0,0,
špičák,pick,Artefact,teater,2143,0,0,
špýchar,granary (špýchar/Speicher),Feature,teater,1563,0,0,
štola,adit,Feature,amcr,HES-000565,0,0,
štít,shield,Artefact,teater,1973,0,0,
švartna,sapropel,Material,amcr,HES-000951,0,0,
šídlo,awl,Artefact,amcr,HES-000827,0,0,
žaltář,psalter,Artefact,teater,2234,0,0,
žalář,jailhouse,Feature,teater,1566,0,0,
železnice,railway,Activity Area,amcr,HES-000050,0,0,
železo,iron,Material,amcr,HES-000962,0,0,
žernov,quern,Artefact,teater,2164,0,0,
žeton,token,Artefact,amcr,HES-000762,0,0,
žito,rye,Artefact,teater,1934,0,0,
žlab,ditch,Feature,amcr,HES-000490,0,0,
žároviště,burned layer,Feature,amcr,HES-000463,0,0,
