cs,facet,source_id,nearest_ancestor_cs,nearest_ancestor_id,outermost_offered_ancestor_cs,rungs_above,same_facet,verdict
digitální model terénu,Methods,124,letecké laserové skenování,123,archeologické výzkumy,5,True,
**suborál (paleoklimatologie),Chronology,1068,holocén,1063,geologická doba,4,True,
GPS (navigační systém),Methods,130,satelitní navigační systém,128,archeologické výzkumy,4,True,
Galileo (navigační systém),Methods,129,satelitní navigační systém,128,archeologické výzkumy,4,True,
atlantik (paleoklimatologie),Chronology,1066,holocén,1063,geologická doba,4,True,
boreál (paleoklimatologie),Chronology,1065,holocén,1063,geologická doba,4,True,
bucchero,Material,2465,starověká keramika,2464,materiál objektu/předmětu,4,True,
doba ledová,Chronology,1061,pleistocén,1060,geologická doba,4,True,
doba meziledová,Chronology,1062,pleistocén,1060,geologická doba,4,True,
epiatlantik (paleoklimatologie),Chronology,1067,holocén,1063,geologická doba,4,True,
gávská kultura,Chronology,1181,karpatská popelnicová pole,1179,periodizace dějin,4,True,
letecké laserové skenování,Methods,123,letecká fotogrammetrie,122,archeologické výzkumy,4,True,
mykénská kultura,Chronology,1153,helladská kultura,1152,periodizace dějin,4,True,
ortofotomapa,Methods,125,letecká fotogrammetrie,122,archeologické výzkumy,4,True,
podmokelská kultura,Chronology,1217,časná doba laténska (LtA),1216,periodizace dějin,4,True,
preboreál (paleoklimatologie),Chronology,1064,holocén,1063,geologická doba,4,True,
przeworská kultura,Chronology,1221,mladší/pozdní doba laténská (LtC2-D),1220,periodizace dějin,4,True,
púchovská kultura,Chronology,1222,mladší/pozdní doba laténská (LtC2-D),1220,periodizace dějin,4,True,
subatlantik (paleoklimatologie),Chronology,1069,holocén,1063,geologická doba,4,True,
čakanská kultura,Chronology,1180,karpatská popelnicová pole,1179,periodizace dějin,4,True,
černofigurová keramika,Material,2466,starověká keramika,2464,materiál objektu/předmětu,4,True,
červenofigurová keramika,Material,2467,starověká keramika,2464,materiál objektu/předmětu,4,True,
Itala,Artefact,2219,bible,2217,náboženská literatura,3,True,
Vetus Latina,Artefact,2220,bible,2217,náboženská literatura,3,True,
antika,Chronology,1259,starověk,1258,periodizace dějin,3,True,
barokní nástěnná malba,Artefact,1866,nástěnná malba,1865,doklady umění,3,True,
bukovohorská kultura,Chronology,1112,střední / mladší neolit,1111,periodizace dějin,3,True,
butmirská kultura,Chronology,1113,střední / mladší neolit,1111,periodizace dějin,3,True,
doplňování muzejních sbírek,Location & Admin,234,sbírkotvorná činnost,233,činnosti muzeí,3,True,
družicová geodezie,Methods,120,dálkový průzkum Země,119,archeologické výzkumy,3,True,
dějiny Bible,Artefact,2218,bible,2217,náboženská literatura,3,True,
environmentální skenovací elektronová mikroskopie,Methods,149,skenovací elektronová mikroskopie,148,"analýzy, posudky (metody spracování)",3,True,
evidence sbírkových předmětů,Location & Admin,235,sbírkotvorná činnost,233,činnosti muzeí,3,True,
gotická desková malba,Artefact,1852,desková malba,1851,doklady umění,3,True,
gotická nástěnná malba,Artefact,1867,nástěnná malba,1865,doklady umění,3,True,
groteska (malba),Artefact,1868,nástěnná malba,1865,doklady umění,3,True,
habánská fajáns,Material,2453,fajáns,2452,materiál objektu/předmětu,3,True,
helladská kultura,Chronology,1152,egejská kultura,1151,periodizace dějin,3,True,
historická keramika,Material,2459,chronologické členění (keramika),2458,materiál objektu/předmětu,3,True,
holocén,Chronology,1063,čtvrtohory,1059,geologická doba,3,True,
horizontální stratigrafie,Methods,193,stratigrafie,192,archeologické datování,3,True,
hornodunajská popelnicová pole,Chronology,1177,kultury popelnicových polí,1176,periodizace dějin,3,True,
karpatská mohylová kultura,Chronology,1170,mohylové kultury,1168,periodizace dějin,3,True,
karpatská popelnicová pole,Chronology,1179,kultury popelnicových polí,1176,periodizace dějin,3,True,
karroballista,Artefact,1978,balista,1977,vojenská technika,3,True,
kultura Chłopice-Veselé,Chronology,1143,mladší / pozdní eneolit,1142,periodizace dějin,3,True,
kultura billendorfská HaC,Chronology,1205,starší doba halštatská (HaC-D1),1201,periodizace dějin,3,True,
kultura potiská,Chronology,1117,střední / mladší neolit,1111,periodizace dějin,3,True,
kultura s kardiovou keramikou,Chronology,1115,střední / mladší neolit,1111,periodizace dějin,3,True,
kultura s moravskou malovanou keramikou,Chronology,1116,střední / mladší neolit,1111,periodizace dějin,3,True,
kykladská kultura,Chronology,1154,egejská kultura,1151,periodizace dějin,3,True,
laténska kultura,Chronology,1225,doba laténska,1215,periodizace dějin,3,True,
letecká fotogrammetrie,Methods,122,dálkový průzkum Země,119,archeologické výzkumy,3,True,
letecké snímkování,Methods,126,dálkový průzkum Země,119,archeologické výzkumy,3,True,
lidová keramika,Material,2460,chronologické členění (keramika),2458,materiál objektu/předmětu,3,True,
lidová malba na skle,Artefact,1858,lidová malba,1857,doklady umění,3,True,
magnetometr,Methods,136,magnetometrie,135,archeologické výzkumy,3,True,
malba na hedvábí,Artefact,1864,malba na textilu,1863,doklady umění,3,True,
mezinárodní smlouva,Location & Admin,257,archeologické dědicství,256,památková péče,3,True,
minojská kultura,Chronology,1155,egejská kultura,1151,periodizace dějin,3,True,
mladší doba hradištní,Chronology,1242,doba hradištní,1239,periodizace dějin,3,True,
mladší/pozdní doba laténská (LtC2-D),Chronology,1220,doba laténska,1215,periodizace dějin,3,True,
mořský měkkýš,Material,2506,vodní měkkýš,2505,materiál objektu/předmětu,3,True,
neogén,Chronology,1058,třetihory,1056,geologická doba,3,True,
paleogén,Chronology,1057,třetihory,1056,geologická doba,3,True,
palmeta,Artefact,1878,ornament,1877,doklady umění,3,True,
pavlovien,Chronology,1091,mladý paleolit,1085,periodizace dějin,3,True,
pleistocén,Chronology,1060,čtvrtohory,1059,geologická doba,3,True,
pozdní středověk (historiografie),Chronology,1263,středověk (historiografie),1260,periodizace dějin,3,True,
pravěká keramika,Material,2461,chronologické členění (keramika),2458,materiál objektu/předmětu,3,True,
raný středověk (historiografie),Chronology,1261,středověk (historiografie),1260,periodizace dějin,3,True,
renesanční keramika,Material,2462,chronologické členění (keramika),2458,materiál objektu/předmětu,3,True,
renesanční nástěnná malba,Artefact,1869,nástěnná malba,1865,doklady umění,3,True,
románská nástěnná malba,Artefact,1870,nástěnná malba,1865,doklady umění,3,True,
satelitní navigační systém,Methods,128,dálkový průzkum Země,119,archeologické výzkumy,3,True,
satelitní snímek,Methods,131,dálkový průzkum Země,119,archeologické výzkumy,3,True,
sbírkový předmět,Location & Admin,236,sbírkotvorná činnost,233,činnosti muzeí,3,True,
sladkovodní měkkýš,Material,2507,vodní měkkýš,2505,materiál objektu/předmětu,3,True,
slezskoplatěnická kultura HaC-D,Chronology,1206,starší doba halštatská (HaC-D1),1201,periodizace dějin,3,True,
slovanská keramika,Material,2463,chronologické členění (keramika),2458,materiál objektu/předmětu,3,True,
solutréen,Chronology,1092,mladý paleolit,1085,periodizace dějin,3,True,
starověká keramika,Material,2464,chronologické členění (keramika),2458,materiál objektu/předmětu,3,True,
starší doba hradištní,Chronology,1240,doba hradištní,1239,periodizace dějin,3,True,
stavební právo,Location & Admin,258,archeologické dědicství,256,památková péče,3,True,
střední doba hradištní,Chronology,1241,doba hradištní,1239,periodizace dějin,3,True,
střední doba laténská (LtB-C1),Chronology,1219,doba laténska,1215,periodizace dějin,3,True,
středodunajská popelnicová pole,Chronology,1184,kultury popelnicových polí,1176,periodizace dějin,3,True,
středověká keramika,Material,2468,chronologické členění (keramika),2458,materiál objektu/předmětu,3,True,
termografie,Methods,127,dálkový průzkum Země,119,archeologické výzkumy,3,True,
tišnovien,Chronology,1094,mladý paleolit,1085,periodizace dějin,3,True,
transmisní elektronová mikroskopie,Methods,150,skenovací elektronová mikroskopie,148,"analýzy, posudky (metody spracování)",3,True,
triéra,Artefact,1909,vojenská loď,1908,doprava,3,True,
vertikální stratigrafie,Methods,194,stratigrafie,192,archeologické datování,3,True,
vinařická skupina,Chronology,1234,stěhování národů,1231,periodizace dějin,3,True,
vrcholný středověk (historiografie),Chronology,1262,středověk (historiografie),1260,periodizace dějin,3,True,
časná doba laténska (LtA),Chronology,1216,doba laténska,1215,periodizace dějin,3,True,
Hodinky (modlitební knihy),Artefact,2227,křesťanská literatura,2215,náboženská literatura,2,True,
Iliacae tabulae,Artefact,1882,reliéf (sochařství),1881,doklady umění,2,True,
Ramanova spektrometrie,Methods,184,spektrometrie,177,"analýzy, posudky (metody spracování)",2,True,
acheuléen,Chronology,1078,archeologická periodizace,1071,periodizace dějin,2,True,
andronovská kultura,Chronology,1150,archeologická periodizace,1071,periodizace dějin,2,True,
andrón,Feature,1502,součást domu,1501,dům,2,True,
antifonář,Artefact,2216,křesťanská literatura,2215,náboženská literatura,2,True,
antropomorfní plastika,Artefact,1818,figurální plastika,1817,doklady umění,2,True,
archeologická mapa,Methods,198,geografické informační systémy,197,dokumentace,2,True,
archeologická památka,Location & Admin,259,objekty (památková péče),255,památková péče,2,True,
archeologická sbírka,Location & Admin,223,muzejní sbírky,222,činnosti muzeí,2,True,
archeologické dědicství,Location & Admin,256,objekty (památková péče),255,památková péče,2,True,
atomová absorbční spektrometrie,Methods,178,spektrometrie,177,"analýzy, posudky (metody spracování)",2,True,
atomová emisní spektrometrie,Methods,179,spektrometrie,177,"analýzy, posudky (metody spracování)",2,True,
atrium,Feature,1503,součást domu,1501,dům,2,True,
augustiniánský klášter,Activity Area,1360,katolický klášter,1359,křesťanský klášter,2,True,
aula,Feature,1504,součást domu,1501,dům,2,True,
balista,Artefact,1977,obléhací stroj,1976,vojenská technika,2,True,
baziliánský klášter,Activity Area,1384,monastýr,1383,křesťanský klášter,2,True,
benediktinský klášter,Activity Area,1361,katolický klášter,1359,křesťanský klášter,2,True,
bible,Artefact,2217,křesťanská literatura,2215,náboženská literatura,2,True,
biga,Artefact,1915,vůz,1912,doprava,2,True,
billendorfská kultúra,Chronology,1189,archeologická periodizace,1071,periodizace dějin,2,True,
bodná zbraň,Artefact,1994,chladná zbraň,1993,zbraň,2,True,
botanická sbírka,Location & Admin,224,muzejní sbírky,222,činnosti muzeí,2,True,
breviář,Artefact,2221,křesťanská literatura,2215,náboženská literatura,2,True,
chronologické členění (keramika),Material,2458,keramický materiál,2451,materiál objektu/předmětu,2,True,
cippus (mezník),Feature,1676,mezník,1675,pozemní komunikace (objekty),2,True,
cisterciácký klášter,Activity Area,1362,katolický klášter,1359,křesťanský klášter,2,True,
corona,Artefact,2361,cena za vítězství,2360,symbolický předmět,2,True,
d. halštatská - laténska nesp.,Chronology,1198,archeologická periodizace,1071,periodizace dějin,2,True,
desková malba,Artefact,1851,malba,1850,doklady umění,2,True,
detekce kovů,Methods,112,málo destruktivní metoda,111,archeologické výzkumy,2,True,
devoční obraz,Artefact,1853,malba,1850,doklady umění,2,True,
devoční socha,Artefact,1889,socha,1888,doklady umění,2,True,
diamant,Material,2439,drahý kámen,2437,materiál objektu/předmětu,2,True,
diatessaron,Artefact,2222,křesťanská literatura,2215,náboženská literatura,2,True,
didaché,Artefact,2223,křesťanská literatura,2215,náboženská literatura,2,True,
diptychon,Artefact,2246,psací tabulka,2245,tabulka,2,True,
doba bronzová - halštatská,Chronology,1147,archeologická periodizace,1071,periodizace dějin,2,True,
doba hradištní,Chronology,1239,archeologická periodizace,1071,periodizace dějin,2,True,
doba kamenná,Chronology,1075,archeologická periodizace,1071,periodizace dějin,2,True,
doba laténska,Chronology,1215,archeologická periodizace,1071,periodizace dějin,2,True,
doba laténska - římska,Chronology,1214,archeologická periodizace,1071,periodizace dějin,2,True,
doba měděná,Chronology,1119,archeologická periodizace,1071,periodizace dějin,2,True,
doba římská - stěhování národů,Chronology,1226,archeologická periodizace,1071,periodizace dějin,2,True,
doba železná,Chronology,1199,archeologická periodizace,1071,periodizace dějin,2,True,
dominikánský klášter,Activity Area,1363,katolický klášter,1359,křesťanský klášter,2,True,
dromos (ulice),Feature,1573,ulice,1572,inženýrská síť,2,True,
dálkový průzkum Země,Methods,119,nedestruktivní metoda výzkumu,118,archeologické výzkumy,2,True,
egejská kultura,Chronology,1151,archeologická periodizace,1071,periodizace dějin,2,True,
enkaustika,Artefact,1854,malba,1850,doklady umění,2,True,
enkolpión,Artefact,3862,amulet,2375,šperk,2,True,
epimagdalenien,Chronology,1096,archeologická periodizace,1071,periodizace dějin,2,True,
essedum,Artefact,1913,vůz,1912,doprava,2,True,
etnografická sbírka,Location & Admin,225,muzejní sbírky,222,činnosti muzeí,2,True,
evangelický kostel,Activity Area,1338,konfesní rozdělení,1337,církevní architektura,2,True,
evangeliář,Artefact,2224,křesťanská literatura,2215,náboženská literatura,2,True,
exedra,Feature,1505,součást domu,1501,dům,2,True,
fajáns,Material,2452,keramický materiál,2451,materiál objektu/předmětu,2,True,
fasces,Artefact,2365,insignie,2364,symbolický předmět,2,True,
fosilní měkkýš,Material,2503,měkkýš,2502,materiál objektu/předmětu,2,True,
františkánský klášter,Activity Area,1364,katolický klášter,1359,křesťanský klášter,2,True,
geochemická metoda,Methods,138,nedestruktivní metoda výzkumu,118,archeologické výzkumy,2,True,
geoelektrický průzkum,Methods,133,nedestruktivní metoda výzkumu,118,archeologické výzkumy,2,True,
geologická sbírka,Location & Admin,226,muzejní sbírky,222,činnosti muzeí,2,True,
graduál,Artefact,2225,křesťanská literatura,2215,náboženská literatura,2,True,
gravimetrie,Methods,134,nedestruktivní metoda výzkumu,118,archeologické výzkumy,2,True,
hagiografie,Artefact,2226,křesťanská literatura,2215,náboženská literatura,2,True,
halštatská kultura,Chronology,1209,archeologická periodizace,1071,periodizace dějin,2,True,
hermovka,Artefact,1890,socha,1888,doklady umění,2,True,
hliněná destička,Material,2532,psací materiál,2528,materiál objektu/předmětu,2,True,
hmotnostní spektrometrie,Methods,180,spektrometrie,177,"analýzy, posudky (metody spracování)",2,True,
hmotnostní spektrometrie s indukčně vázaným plazmatem,Methods,181,spektrometrie,177,"analýzy, posudky (metody spracování)",2,True,
hmotnostní spektrometrie s indukčně vázaným plazmatem a laserovou ablací,Methods,182,spektrometrie,177,"analýzy, posudky (metody spracování)",2,True,
hodina,Artefact,2099,hodiny,2098,nástroj,2,True,
horská silnice,Activity Area,1417,silnice,1416,pozemní komunikace (areály),2,True,
idól,Artefact,1819,figurální plastika,1817,doklady umění,2,True,
ikona,Artefact,1855,malba,1850,doklady umění,2,True,
impluvium,Feature,1506,součást domu,1501,dům,2,True,
infračervená spektroskopie,Methods,183,spektrometrie,177,"analýzy, posudky (metody spracování)",2,True,
jadeit,Material,2440,drahý kámen,2437,materiál objektu/předmětu,2,True,
jastorfská kultura,Chronology,1210,archeologická periodizace,1071,periodizace dějin,2,True,
jeskynní malba,Artefact,1856,malba,1850,doklady umění,2,True,
jámová kultura,Chronology,1128,archeologická periodizace,1071,periodizace dějin,2,True,
jíl,Material,2455,keramický materiál,2451,materiál objektu/předmětu,2,True,
kalenderberská kultura,Chronology,1211,archeologická periodizace,1071,periodizace dějin,2,True,
kamenina,Material,2456,keramický materiál,2451,materiál objektu/předmětu,2,True,
kancionál,Artefact,2228,křesťanská literatura,2215,náboženská literatura,2,True,
kapucínský klášter,Activity Area,1365,katolický klášter,1359,křesťanský klášter,2,True,
kargopolská kultura,Chronology,1157,archeologická periodizace,1071,periodizace dějin,2,True,
karmelitánský klášter,Activity Area,1366,katolický klášter,1359,křesťanský klášter,2,True,
kartuziánský klášter,Activity Area,1367,katolický klášter,1359,křesťanský klášter,2,True,
katakombní kultura,Chronology,1135,archeologická periodizace,1071,periodizace dějin,2,True,
katapult (zbraně),Artefact,1979,obléhací stroj,1976,vojenská technika,2,True,
katolický kostel,Activity Area,1339,konfesní rozdělení,1337,církevní architektura,2,True,
kačkar,Activity Area,1326,kamenný kříž,1325,církevní architektura,2,True,
klášter benediktinek,Activity Area,1368,katolický klášter,1359,křesťanský klášter,2,True,
klášter brigitinek,Activity Area,1369,katolický klášter,1359,křesťanský klášter,2,True,
klášter cisterciaček,Activity Area,1370,katolický klášter,1359,křesťanský klášter,2,True,
klášter dominikánek,Activity Area,1371,katolický klášter,1359,křesťanský klášter,2,True,
klášter kamaldulů,Activity Area,1372,katolický klášter,1359,křesťanský klášter,2,True,
klášter klaristek,Activity Area,1373,katolický klášter,1359,křesťanský klášter,2,True,
klášter křížovníků,Activity Area,1374,katolický klášter,1359,křesťanský klášter,2,True,
klášter mariánů,Activity Area,1375,katolický klášter,1359,křesťanský klášter,2,True,
klášter servitů,Activity Area,1376,katolický klášter,1359,křesťanský klášter,2,True,
klášter voršilek,Activity Area,1377,katolický klášter,1359,křesťanský klášter,2,True,
kobanská kultura,Chronology,1158,archeologická periodizace,1071,periodizace dějin,2,True,
konzervování muzejních exponátů,Methods,211,konzervace,210,konzervátorsko-restaurátorské metody,2,True,
konzervování památek,Methods,212,konzervace,210,konzervátorsko-restaurátorské metody,2,True,
koroplastika,Artefact,1820,figurální plastika,1817,doklady umění,2,True,
koré,Artefact,1891,socha,1888,doklady umění,2,True,
kovová plastika,Artefact,1821,figurální plastika,1817,doklady umění,2,True,
krb,Feature,1507,součást domu,1501,dům,2,True,
kroužková zbroj,Artefact,2019,technika zhotovení,2018,zbroj,2,True,
kultura Nuova,Chronology,1190,archeologická periodizace,1071,periodizace dějin,2,True,
kultura Praha-Korčak,Chronology,1245,archeologická periodizace,1071,periodizace dějin,2,True,
kultura Sabatynivka,Chronology,1167,archeologická periodizace,1071,periodizace dějin,2,True,
kultura Starčevo-Kriš,Chronology,1106,archeologická periodizace,1071,periodizace dějin,2,True,
kultura dřevených srubů,Chronology,1187,archeologická periodizace,1071,periodizace dějin,2,True,
kultura oberlauterbašská,Chronology,1103,archeologická periodizace,1071,periodizace dějin,2,True,
kultura pomořanská,Chronology,1212,archeologická periodizace,1071,periodizace dějin,2,True,
kultura pražského typu,Chronology,1243,archeologická periodizace,1071,periodizace dějin,2,True,
kultura s kanelovanou keramikou,Chronology,1133,archeologická periodizace,1071,periodizace dějin,2,True,
kultury popelnicových polí,Chronology,1176,archeologická periodizace,1071,periodizace dějin,2,True,
kurátorství sbírek,Location & Admin,227,muzejní sbírky,222,činnosti muzeí,2,True,
kurátorství výstav,Location & Admin,241,muzejní výstava,239,činnosti muzeí,2,True,
kyjatická kultura,Chronology,1191,archeologická periodizace,1071,periodizace dějin,2,True,
kázání,Artefact,2229,křesťanská literatura,2215,náboženská literatura,2,True,
kúros,Artefact,1892,socha,1888,doklady umění,2,True,
křesťanská legenda,Artefact,2230,křesťanská literatura,2215,náboženská literatura,2,True,
lamelová zbroj,Artefact,2020,technika zhotovení,2018,zbroj,2,True,
lehký obvodový plášť,Feature,1631,obvodový plášť,1630,opevnění,2,True,
lidová malba,Artefact,1857,malba,1850,doklady umění,2,True,
maenianum,Feature,1508,součást domu,1501,dům,2,True,
magnetometrie,Methods,135,nedestruktivní metoda výzkumu,118,archeologické výzkumy,2,True,
majkopská kultura,Chronology,1124,archeologická periodizace,1071,periodizace dějin,2,True,
majolika,Material,2471,keramický materiál,2451,materiál objektu/předmětu,2,True,
malba na keramice,Artefact,1859,malba,1850,doklady umění,2,True,
malba na mědi,Artefact,1860,malba,1850,doklady umění,2,True,
malba na porcelánu,Artefact,1861,malba,1850,doklady umění,2,True,
malba na skle,Artefact,1862,malba,1850,doklady umění,2,True,
malba na textilu,Artefact,1863,malba,1850,doklady umění,2,True,
mariánský amulet,Artefact,3863,amulet,2375,šperk,2,True,
maďarovská kultura,Chronology,1159,archeologická periodizace,1071,periodizace dějin,2,True,
medaile,Artefact,2362,cena za vítězství,2360,symbolický předmět,2,True,
mikrosondáž,Methods,113,málo destruktivní metoda,111,archeologické výzkumy,2,True,
mincovní váha,Artefact,2150,váha,2149,nástroj,2,True,
mineralogická sbírka,Location & Admin,228,muzejní sbírky,222,činnosti muzeí,2,True,
minoritský klášter,Activity Area,1378,katolický klášter,1359,křesťanský klášter,2,True,
misál,Artefact,2231,křesťanská literatura,2215,náboženská literatura,2,True,
mladý paleolit,Chronology,1085,archeologická periodizace,1071,periodizace dějin,2,True,
mladší / pozdní eneolit,Chronology,1142,archeologická periodizace,1071,periodizace dějin,2,True,
mladší doba halštatská (HaD2-3),Chronology,1208,archeologická periodizace,1071,periodizace dějin,2,True,
moderní dějiny,Chronology,1265,historiografická periodizace,1257,periodizace dějin,2,True,
modlitební kniha,Artefact,2232,křesťanská literatura,2215,náboženská literatura,2,True,
mohylové kultury,Chronology,1168,archeologická periodizace,1071,periodizace dějin,2,True,
motyka,Artefact,2157,zemědělské nářadí,2155,nástroj,2,True,
municipium,Activity Area,1396,antické město,1395,chronologie (města),2,True,
muzejní dokumentace,Location & Admin,229,muzejní sbírky,222,činnosti muzeí,2,True,
městská památková rezervace,Location & Admin,262,objekty (památková péče),255,památková péče,2,True,
městské historické centrum,Location & Admin,261,objekty (památková péče),255,památková péče,2,True,
neolit-eneolit,Chronology,1100,archeologická periodizace,1071,periodizace dějin,2,True,
nitrianska kultura,Chronology,1160,archeologická periodizace,1071,periodizace dějin,2,True,
novověk - industriální období,Chronology,1250,archeologická periodizace,1071,periodizace dějin,2,True,
novozákonní apokryf,Artefact,2185,biblický apokryf,2184,apokryf,2,True,
numismatická sbírka,Location & Admin,230,muzejní sbírky,222,činnosti muzeí,2,True,
nuragská kultura,Chronology,1161,archeologická periodizace,1071,periodizace dějin,2,True,
náhodný nález,Methods,114,málo destruktivní metoda,111,archeologické výzkumy,2,True,
nákladní loď,Artefact,1907,loď,1905,doprava,2,True,
nástěnná malba,Artefact,1865,malba,1850,doklady umění,2,True,
obchodní loď,Artefact,1906,loď,1905,doprava,2,True,
obléhací beran,Artefact,1980,obléhací stroj,1976,vojenská technika,2,True,
obléhací podloubí,Artefact,1981,obléhací stroj,1976,vojenská technika,2,True,
obléhací věž,Artefact,1983,obléhací stroj,1976,vojenská technika,2,True,
obléhací šípomet,Artefact,1982,obléhací stroj,1976,vojenská technika,2,True,
obnova a rekonstrukce památek,Location & Admin,271,předmět (památková péče),270,památková péče,2,True,
ochrana památek,Location & Admin,272,předmět (památková péče),270,památková péče,2,True,
oldovan,Chronology,1079,archeologická periodizace,1071,periodizace dějin,2,True,
onager,Artefact,1984,obléhací stroj,1976,vojenská technika,2,True,
oradlo,Artefact,2159,zemědělské nářadí,2155,nástroj,2,True,
ornament,Artefact,1877,ornamentika,1876,doklady umění,2,True,
otomanská kultura,Chronology,1162,archeologická periodizace,1071,periodizace dějin,2,True,
ovčí vlna,Material,2550,vlna,2549,materiál objektu/předmětu,2,True,
paleolit-mezolit,Chronology,1073,archeologická periodizace,1071,periodizace dějin,2,True,
paleontologická sbírka,Location & Admin,231,muzejní sbírky,222,činnosti muzeí,2,True,
palladium,Artefact,1893,socha,1888,doklady umění,2,True,
památkový objekt,Location & Admin,264,objekty (památková péče),255,památková péče,2,True,
památkově chráněné území,Location & Admin,265,objekty (památková péče),255,památková péče,2,True,
panathénajské amfory,Artefact,2363,cena za vítězství,2360,symbolický předmět,2,True,
papyrus,Material,2530,psací materiál,2528,materiál objektu/předmětu,2,True,
pasionál,Artefact,2233,křesťanská literatura,2215,náboženská literatura,2,True,
pasquino,Artefact,1894,socha,1888,doklady umění,2,True,
paulánský klášter,Activity Area,1379,katolický klášter,1359,křesťanský klášter,2,True,
pergamen,Material,2531,psací materiál,2528,materiál objektu/předmětu,2,True,
piaristický klášter,Activity Area,1380,katolický klášter,1359,křesťanský klášter,2,True,
piliňská kultura,Chronology,1172,archeologická periodizace,1071,periodizace dějin,2,True,
pinax,Artefact,1871,malba,1850,doklady umění,2,True,
pluh,Artefact,2158,zemědělské nářadí,2155,nástroj,2,True,
plátová zbroj,Artefact,2021,technika zhotovení,2018,zbroj,2,True,
polyptychon,Artefact,2247,psací tabulka,2245,tabulka,2,True,
porcelán,Material,2472,keramický materiál,2451,materiál objektu/předmětu,2,True,
pravoslavný kostel,Activity Area,1340,konfesní rozdělení,1337,církevní architektura,2,True,
premonstrátský klášter,Activity Area,1381,katolický klášter,1359,křesťanský klášter,2,True,
předstihový archeologický výzkum,Methods,106,destruktivní metoda výzkumu,104,archeologické výzkumy,2,True,
přírodovědná sbírka,Location & Admin,232,muzejní sbírky,222,činnosti muzeí,2,True,
quadrigae,Artefact,1917,vůz,1912,doprava,2,True,
radlice,Artefact,2160,zemědělské nářadí,2155,nástroj,2,True,
raný novověk,Chronology,1264,historiografická periodizace,1257,periodizace dějin,2,True,
rekonstrukce staveb,Location & Admin,273,předmět (památková péče),270,památková péče,2,True,
replika,Methods,214,kopie,213,konzervátorsko-restaurátorské metody,2,True,
restaurování muzejních exponátů,Methods,218,restaurování,217,konzervátorsko-restaurátorské metody,2,True,
restaurování památek,Methods,219,restaurování,217,konzervátorsko-restaurátorské metody,2,True,
revizní výzkum,Methods,107,destruktivní metoda výzkumu,104,archeologické výzkumy,2,True,
sbírkotvorná činnost,Location & Admin,233,muzejní sbírky,222,činnosti muzeí,2,True,
sedlo,Artefact,1901,koňský postroj,1899,doprava,2,True,
sejmský kulturní okruh,Chronology,1173,archeologická periodizace,1071,periodizace dějin,2,True,
sella curulis,Artefact,2366,insignie,2364,symbolický předmět,2,True,
sečná zbraň,Artefact,1995,chladná zbraň,1993,zbraň,2,True,
skenovací elektronová mikroskopie,Methods,148,elektronová mikroskopie,147,"analýzy, posudky (metody spracování)",2,True,
skupina Federmesser,Chronology,1098,archeologická periodizace,1071,periodizace dějin,2,True,
soudobé dějiny,Chronology,1266,historiografická periodizace,1257,periodizace dějin,2,True,
spektrometrie s indukčně vázaným plazmatem,Methods,185,spektrometrie,177,"analýzy, posudky (metody spracování)",2,True,
starověk,Chronology,1258,historiografická periodizace,1257,periodizace dějin,2,True,
starozákonní apokryf,Artefact,2186,biblický apokryf,2184,apokryf,2,True,
starší doba halštatská (HaC-D1),Chronology,1201,archeologická periodizace,1071,periodizace dějin,2,True,
stratigrafie,Methods,192,relativní chronologie,191,archeologické datování,2,True,
stropní malba,Artefact,1872,malba,1850,doklady umění,2,True,
stálá expozice,Location & Admin,240,muzejní výstava,239,činnosti muzeí,2,True,
stěhování národů,Chronology,1231,archeologická periodizace,1071,periodizace dějin,2,True,
střední / mladší neolit,Chronology,1111,archeologická periodizace,1071,periodizace dějin,2,True,
středověk (historiografie),Chronology,1260,historiografická periodizace,1257,periodizace dějin,2,True,
středověk - novověk,Chronology,1236,archeologická periodizace,1071,periodizace dějin,2,True,
suchozemský měkkýš,Material,2504,měkkýš,2502,materiál objektu/předmětu,2,True,
sádrový odlitek,Methods,215,kopie,213,konzervátorsko-restaurátorské metody,2,True,
tablinum,Feature,1509,součást domu,1501,dům,2,True,
tagarská kultura,Chronology,1197,archeologická periodizace,1071,periodizace dějin,2,True,
terakota,Material,2473,keramický materiál,2451,materiál objektu/předmětu,2,True,
terminus,Feature,1677,mezník,1675,pozemní komunikace (objekty),2,True,
termometrie,Methods,137,nedestruktivní metoda výzkumu,118,archeologické výzkumy,2,True,
terra sigillata,Material,2474,keramický materiál,2451,materiál objektu/předmětu,2,True,
topografické mapování,Methods,139,nedestruktivní metoda výzkumu,118,archeologické výzkumy,2,True,
totem,Artefact,1822,figurální plastika,1817,doklady umění,2,True,
trapistický klášter,Activity Area,1382,katolický klášter,1359,křesťanský klášter,2,True,
triclinium,Feature,1510,součást domu,1501,dům,2,True,
trigae,Artefact,1916,vůz,1912,doprava,2,True,
triptychon,Artefact,2248,psací tabulka,2245,tabulka,2,True,
trypilská kultura,Chronology,1108,archeologická periodizace,1071,periodizace dějin,2,True,
trzciniecko-komarivský komplex,Chronology,1174,archeologická periodizace,1071,periodizace dějin,2,True,
třetihory,Chronology,1056,kenozoikum,1055,geologická doba,2,True,
umělecká keramika,Material,2469,keramický materiál,2451,materiál objektu/předmětu,2,True,
umělecká památka,Location & Admin,266,objekty (památková péče),255,památková péče,2,True,
umělecká sbírka,Location & Admin,237,muzejní sbírky,222,činnosti muzeí,2,True,
uzda,Artefact,1904,koňský postroj,1899,doprava,2,True,
užitková keramika,Material,2470,keramický materiál,2451,materiál objektu/předmětu,2,True,
valounová industrie,Artefact,2108,štípaná industrie,2107,nástroj,2,True,
veraikon,Artefact,1873,malba,1850,doklady umění,2,True,
villanovská kultura,Chronology,1213,archeologická periodizace,1071,periodizace dějin,2,True,
vinčanská kultura,Chronology,1109,archeologická periodizace,1071,periodizace dějin,2,True,
vodní měkkýš,Material,2505,měkkýš,2502,materiál objektu/předmětu,2,True,
vojenská loď,Artefact,1908,loď,1905,doprava,2,True,
vrcholný - pozdní středověk,Chronology,1247,archeologická periodizace,1071,periodizace dějin,2,True,
vučedolská kultura,Chronology,1141,archeologická periodizace,1071,periodizace dějin,2,True,
vzor (motiv),Artefact,1879,ornamentika,1876,doklady umění,2,True,
výletní loď,Artefact,1910,loď,1905,doprava,2,True,
věterovská kultura,Chronology,1165,archeologická periodizace,1071,periodizace dějin,2,True,
xoanon,Artefact,1816,dřevořezba,1815,doklady umění,2,True,
zarubiněcká kultura,Chronology,1246,archeologická periodizace,1071,periodizace dějin,2,True,
zemědelský pravěk,Chronology,1074,archeologická periodizace,1071,periodizace dějin,2,True,
zjišťovací archeologický výzkum,Methods,109,destruktivní metoda výzkumu,104,archeologické výzkumy,2,True,
zoologická sbírka,Location & Admin,238,muzejní sbírky,222,činnosti muzeí,2,True,
zoomorfní plastika,Artefact,1823,figurální plastika,1817,doklady umění,2,True,
zvířecí symbolika,Artefact,1880,ornamentika,1876,doklady umění,2,True,
záchod,Feature,1511,součást domu,1501,dům,2,True,
záchranný výzkum (archeologie),Methods,110,destruktivní metoda výzkumu,104,archeologické výzkumy,2,True,
čerňjachovská kultura,Chronology,1244,archeologická periodizace,1071,periodizace dějin,2,True,
český granát,Material,2438,drahý kámen,2437,materiál objektu/předmětu,2,True,
čtvrtohory,Chronology,1059,kenozoikum,1055,geologická doba,2,True,
šupinová zbroj,Artefact,2022,technika zhotovení,2018,zbroj,2,True,
žací nůž,Artefact,2162,zemědělské nářadí,2155,nástroj,2,True,
žaltář,Artefact,2234,křesťanská literatura,2215,náboženská literatura,2,True,
želiezovský typ,Chronology,1110,archeologická periodizace,1071,periodizace dějin,2,True,
Artemísion,Activity Area,1306,antický chrám,1304,antický chrám,1,True,
Asklépieion,Activity Area,1307,antický chrám,1304,antický chrám,1,True,
Loretánská kaple,Activity Area,1331,církevní architektura,1322,církevní architektura,1,True,
Métróon,Activity Area,1313,antický chrám,1304,antický chrám,1,True,
Starý zákon,Artefact,2214,náboženská literatura,2213,náboženská literatura,1,True,
abacus (nástroj),Artefact,2086,nástroj,2085,nástroj,1,True,
absolutní chronologie,Methods,190,archeologické datování,189,archeologické datování,1,True,
adyton,Feature,1711,sakrální architektura,1710,sakrální architektura,1,True,
agnůstek (přívěsek),Artefact,3797,šperk,2374,šperk,1,True,
agora,Activity Area,1469,veřejné prostranství,1468,veřejné prostranství,1,True,
akvadukt,Activity Area,1414,pozemní komunikace (areály),1413,pozemní komunikace (areály),1,True,
album,Artefact,2251,úřední písemnost,2250,úřední písemnost,1,True,
amfiprostylos,Activity Area,1305,antický chrám,1304,antický chrám,1,True,
amulet,Artefact,2375,šperk,2374,šperk,1,True,
analogie,Methods,207,komparativní výzkum,206,komparativní výzkum,1,True,
analýza hlavních komponent,Methods,276,statistická analýza,275,statistická analýza,1,True,
analýza rozptylu,Methods,277,statistická analýza,275,statistická analýza,1,True,
antické město,Activity Area,1395,chronologie (města),1394,chronologie (města),1,True,
antrakologická analýza,Methods,142,"analýzy, posudky (metody spracování)",141,"analýzy, posudky (metody spracování)",1,True,
antropologický výzkum,Methods,143,"analýzy, posudky (metody spracování)",141,"analýzy, posudky (metody spracování)",1,True,
antropomorfní nádoba,Artefact,2080,tvar nádoby,2079,tvar nádoby,1,True,
apotropaion,Artefact,2376,šperk,2374,šperk,1,True,
apsida,Feature,1712,sakrální architektura,1710,sakrální architektura,1,True,
archeogenetická analýza,Methods,144,"analýzy, posudky (metody spracování)",141,"analýzy, posudky (metody spracování)",1,True,
archeologická klasifikace,Methods,205,kategorizace a klasifikace,204,kategorizace a klasifikace,1,True,
archeologická periodizace,Chronology,1071,periodizace dějin,1070,periodizace dějin,1,True,
archeologické muzeum,Location & Admin,243,druhy muzeí,242,druhy muzeí,1,True,
archeoskanzen,Location & Admin,254,památková péče,253,památková péče,1,True,
aulos,Artefact,1827,doklady umění,1814,doklady umění,1,True,
barbiton,Artefact,1828,doklady umění,1814,doklady umění,1,True,
barokní oltář,Feature,1724,sakrální architektura,1710,sakrální architektura,1,True,
bastion,Feature,1620,opevnění,1619,opevnění,1,True,
bavlna,Material,2434,materiál objektu/předmětu,2431,materiál objektu/předmětu,1,True,
bazilika,Activity Area,1334,církevní architektura,1322,církevní architektura,1,True,
bergfrit,Feature,1622,opevnění,1619,opevnění,1,True,
berní kniha,Artefact,2252,úřední písemnost,2250,úřední písemnost,1,True,
berní rula,Artefact,2253,úřední písemnost,2250,úřední písemnost,1,True,
biblický apokryf,Artefact,2184,apokryf,2183,apokryf,1,True,
borka,Material,2435,materiál objektu/předmětu,2431,materiál objektu/předmětu,1,True,
boží muka a křížky,Activity Area,1323,církevní architektura,1322,církevní architektura,1,True,
bronteion,Feature,1484,amfiteátr,1483,amfiteátr,1,True,
broušená industrie,Artefact,2106,nástroj,2085,nástroj,1,True,
brož,Artefact,2377,šperk,2374,šperk,1,True,
budík,Artefact,2089,nástroj,2085,nástroj,1,True,
bulla,Artefact,2378,šperk,2374,šperk,1,True,
burgus,Feature,1625,opevnění,1619,opevnění,1,True,
bytové vybavení,Feature,1496,dům,1495,dům,1,True,
búleutérion,Feature,1553,radnice,1552,radnice,1,True,
carcer,Feature,1567,žalář,1566,žalář,1,True,
cella,Feature,1713,sakrální architektura,1710,sakrální architektura,1,True,
cena za vítězství,Artefact,2360,symbolický předmět,2359,symbolický předmět,1,True,
chalcedon,Material,2447,materiál objektu/předmětu,2431,materiál objektu/předmětu,1,True,
chitón,Artefact,2170,oděv,2167,oděv,1,True,
chladná zbraň,Artefact,1993,zbraň,1985,zbraň,1,True,
chlaina,Artefact,2171,oděv,2167,oděv,1,True,
chlamys,Artefact,2172,oděv,2167,oděv,1,True,
chléb,Artefact,2410,zboží,2407,zboží,1,True,
chromatografická analýza,Methods,156,"analýzy, posudky (metody spracování)",141,"analýzy, posudky (metody spracování)",1,True,
chrámové dveře,Feature,1715,sakrální architektura,1710,sakrální architektura,1,True,
chrámové okno,Feature,1714,sakrální architektura,1710,sakrální architektura,1,True,
cihelné zdivo,Material,2554,způsob provedení (objekty),2553,způsob provedení (objekty),1,True,
cihlářská pec,Feature,1689,pyrotechnické zařízení,1688,pyrotechnické zařízení,1,True,
cornu,Artefact,1829,doklady umění,1814,doklady umění,1,True,
cukr,Artefact,2408,zboží,2407,zboží,1,True,
curia (radnice),Feature,1554,radnice,1552,radnice,1,True,
cymbál,Artefact,1830,doklady umění,1814,doklady umění,1,True,
cypřiš,Material,2444,materiál objektu/předmětu,2431,materiál objektu/předmětu,1,True,
dehtářská pec,Feature,1690,pyrotechnické zařízení,1688,pyrotechnické zařízení,1,True,
dekret,Artefact,2254,úřední písemnost,2250,úřední písemnost,1,True,
dendrochronologická analýza,Methods,145,"analýzy, posudky (metody spracování)",141,"analýzy, posudky (metody spracování)",1,True,
destruktivní metoda výzkumu,Methods,104,archeologické výzkumy,103,archeologické výzkumy,1,True,
destrukční horizont,Feature,1749,vrstva (objekt),1748,vrstva (objekt),1,True,
devocionálie,Artefact,2367,symbolický předmět,2359,symbolický předmět,1,True,
diazóma,Feature,1485,amfiteátr,1483,amfiteátr,1,True,
dipteros,Activity Area,1308,antický chrám,1304,antický chrám,1,True,
disk (sportovní nářadí),Artefact,2405,sportovní nářadí,2403,sportovní nářadí,1,True,
diskriminační analýza,Methods,278,statistická analýza,275,statistická analýza,1,True,
dlouhý dům,Feature,1497,dům,1495,dům,1,True,
domovní kanalizace,Feature,1575,inženýrská síť,1571,inženýrská síť,1,True,
dona militaria,Artefact,2368,symbolický předmět,2359,symbolický předmět,1,True,
dopis,Artefact,2201,korespondence,2200,korespondence,1,True,
drahý kámen,Material,2437,materiál objektu/předmětu,2431,materiál objektu/předmětu,1,True,
drtidlo,Artefact,2094,nástroj,2085,nástroj,1,True,
druhohory,Chronology,1054,geologická doba,1051,geologická doba,1,True,
dvojitý klášter,Activity Area,1358,křesťanský klášter,1357,křesťanský klášter,1,True,
dvorské desky,Artefact,2255,úřední písemnost,2250,úřední písemnost,1,True,
dóm,Activity Area,3864,církevní architektura,1322,církevní architektura,1,True,
dýmačka,Feature,1691,pyrotechnické zařízení,1688,pyrotechnické zařízení,1,True,
dřevohlinitá hradba,Feature,1628,opevnění,1619,opevnění,1,True,
dřevořezba,Artefact,1815,doklady umění,1814,doklady umění,1,True,
dřevěná hať,Feature,1674,pozemní komunikace (objekty),1672,pozemní komunikace (objekty),1,True,
dřevěná kaple,Activity Area,1329,církevní architektura,1322,církevní architektura,1,True,
dřevěná konstrukce,Material,2555,způsob provedení (objekty),2553,způsob provedení (objekty),1,True,
dřevěné uhlí,Material,2441,materiál objektu/předmětu,2431,materiál objektu/předmětu,1,True,
dřevěné výrobky,Material,2442,materiál objektu/předmětu,2431,materiál objektu/předmětu,1,True,
dřevěný kostel,Activity Area,1335,církevní architektura,1322,církevní architektura,1,True,
ekkykléma,Feature,1486,amfiteátr,1483,amfiteátr,1,True,
elektron,Material,2480,materiál objektu/předmětu,2431,materiál objektu/předmětu,1,True,
elektronová mikroskopie,Methods,147,"analýzy, posudky (metody spracování)",141,"analýzy, posudky (metody spracování)",1,True,
entasis,Feature,1603,sloup,1602,sloup,1,True,
erbovní listina,Artefact,2260,úřední písemnost,2250,úřední písemnost,1,True,
ergastulum,Feature,1763,dílna,1761,dílna,1,True,
ergastérion,Feature,1762,dílna,1761,dílna,1,True,
etnografické muzeum,Location & Admin,244,druhy muzeí,242,druhy muzeí,1,True,
exómis,Artefact,2168,oděv,2167,oděv,1,True,
faktorová analýza,Methods,279,statistická analýza,275,statistická analýza,1,True,
farní kronika,Artefact,2203,kronika,2202,kronika,1,True,
figurální plastika,Artefact,1817,doklady umění,1814,doklady umění,1,True,
fontána,Feature,1609,objekt na veřejném prostranství,1608,objekt na veřejném prostranství,1,True,
forminx,Artefact,1831,doklady umění,1814,doklady umění,1,True,
formulářová sbírka,Artefact,2256,úřední písemnost,2250,úřední písemnost,1,True,
fosfátová analýza,Methods,151,"analýzy, posudky (metody spracování)",141,"analýzy, posudky (metody spracování)",1,True,
fotografická dokumentace,Methods,196,dokumentace,195,dokumentace,1,True,
freska,Artefact,1824,doklady umění,1814,doklady umění,1,True,
fórum,Activity Area,1470,veřejné prostranství,1468,veřejné prostranství,1,True,
garum,Artefact,2409,zboží,2407,zboží,1,True,
gem,Artefact,2381,šperk,2374,šperk,1,True,
geoarcheologická analýza,Methods,153,"analýzy, posudky (metody spracování)",141,"analýzy, posudky (metody spracování)",1,True,
geografické informační systémy,Methods,197,dokumentace,195,dokumentace,1,True,
geologická vrstva,Feature,1750,vrstva (objekt),1748,vrstva (objekt),1,True,
geologický výzkum,Methods,154,"analýzy, posudky (metody spracování)",141,"analýzy, posudky (metody spracování)",1,True,
geranos,Artefact,2095,nástroj,2085,nástroj,1,True,
gotický oltář,Feature,1725,sakrální architektura,1710,sakrální architektura,1,True,
graffito,Artefact,1825,doklady umění,1814,doklady umění,1,True,
groma,Artefact,2096,nástroj,2085,nástroj,1,True,
grotta,Feature,1683,jeskyně,1682,jeskyně,1,True,
harfa,Artefact,1832,doklady umění,1814,doklady umění,1,True,
harpuna,Artefact,1988,zbraň,1985,zbraň,1,True,
hedvábí,Material,2446,materiál objektu/předmětu,2431,materiál objektu/předmětu,1,True,
hekatompedon,Activity Area,1309,antický chrám,1304,antický chrám,1,True,
himation,Artefact,2169,oděv,2167,oděv,1,True,
historické muzeum,Location & Admin,245,druhy muzeí,242,druhy muzeí,1,True,
historiografická periodizace,Chronology,1257,periodizace dějin,1070,periodizace dějin,1,True,
hlasatelská berla,Artefact,2369,symbolický předmět,2359,symbolický předmět,1,True,
hlavní město,Activity Area,1388,funkce (města),1387,funkce (města),1,True,
hlubinný důl,Activity Area,1461,těžební areál,1459,těžební areál,1,True,
hlušina,Artefact,1938,těžební odpad,1937,těžební odpad,1,True,
hodiny,Artefact,2098,nástroj,2085,nástroj,1,True,
hodometr,Artefact,2100,nástroj,2085,nástroj,1,True,
horizont osídlení,Feature,1751,vrstva (objekt),1748,vrstva (objekt),1,True,
hornické muzeum,Location & Admin,246,druhy muzeí,242,druhy muzeí,1,True,
horní město,Activity Area,1389,funkce (města),1387,funkce (města),1,True,
hrnčířská pec,Feature,1692,pyrotechnické zařízení,1688,pyrotechnické zařízení,1,True,
hrnčířský kruh,Artefact,2101,nástroj,2085,nástroj,1,True,
hrot,Artefact,1958,funkčně nespecifikovaný předmět,1954,funkčně nespecifikovaný předmět,1,True,
hrot kopí,Artefact,1989,zbraň,1985,zbraň,1,True,
hrot oštěpu,Artefact,1990,zbraň,1985,zbraň,1,True,
hrot šipky,Artefact,1991,zbraň,1985,zbraň,1,True,
hrot šípu,Artefact,1992,zbraň,1985,zbraň,1,True,
hrázděná stavba,Material,2556,způsob provedení (objekty),2553,způsob provedení (objekty),1,True,
hutnická pec,Feature,1693,pyrotechnické zařízení,1688,pyrotechnické zařízení,1,True,
hák,Artefact,1957,funkčně nespecifikovaný předmět,1954,funkčně nespecifikovaný předmět,1,True,
héróon,Activity Area,1310,antický chrám,1304,antický chrám,1,True,
hřbitovní kaple,Activity Area,1330,církevní architektura,1322,církevní architektura,1,True,
hřeb,Artefact,2342,stavební prvek,2338,stavební prvek,1,True,
hřebík,Artefact,2341,stavební prvek,2338,stavební prvek,1,True,
in antis,Activity Area,1311,antický chrám,1304,antický chrám,1,True,
ingot,Artefact,2304,polotovar,2302,polotovar,1,True,
insignie,Artefact,2364,symbolický předmět,2359,symbolický předmět,1,True,
insula,Feature,1498,dům,1495,dům,1,True,
izotopový výzkum,Methods,157,"analýzy, posudky (metody spracování)",141,"analýzy, posudky (metody spracování)",1,True,
jaspis,Material,2449,materiál objektu/předmětu,2431,materiál objektu/předmětu,1,True,
jehelník,Artefact,2103,nástroj,2085,nástroj,1,True,
jehla,Artefact,2104,nástroj,2085,nástroj,1,True,
ječmen,Artefact,1927,obilniny,1926,obilniny,1,True,
josefínský katastr,Artefact,2257,úřední písemnost,2250,úřední písemnost,1,True,
jídlo,Artefact,2411,zboží,2407,zboží,1,True,
kabeirion,Activity Area,1312,antický chrám,1304,antický chrám,1,True,
kalvárie,Activity Area,1324,církevní architektura,1322,církevní architektura,1,True,
kamej,Artefact,2384,šperk,2374,šperk,1,True,
kamenný kříž,Activity Area,1325,církevní architektura,1322,církevní architektura,1,True,
kamenolom,Activity Area,1465,těžební areál,1459,těžební areál,1,True,
kanelura,Feature,1604,sloup,1602,sloup,1,True,
kapitula,Activity Area,1327,církevní architektura,1322,církevní architektura,1,True,
kasie,Artefact,2412,zboží,2407,zboží,1,True,
katedrála,Activity Area,1336,církevní architektura,1322,církevní architektura,1,True,
katolický klášter,Activity Area,1359,křesťanský klášter,1357,křesťanský klášter,1,True,
kazetový strop,Feature,1606,strop,1605,strop,1,True,
kenozoikum,Chronology,1055,geologická doba,1051,geologická doba,1,True,
keramický materiál,Material,2451,materiál objektu/předmětu,2431,materiál objektu/předmětu,1,True,
keras,Artefact,1833,doklady umění,1814,doklady umění,1,True,
kithara,Artefact,1834,doklady umění,1814,doklady umění,1,True,
kladivo,Artefact,2109,nástroj,2085,nástroj,1,True,
klapačka (nožní),Artefact,1835,doklady umění,1814,doklady umění,1,True,
klapačka (ruční),Artefact,1836,doklady umění,1814,doklady umění,1,True,
klobouk,Artefact,2173,oděv,2167,oděv,1,True,
klášterní kronika,Artefact,2204,kronika,2202,kronika,1,True,
klínopisná tabulka,Artefact,2244,tabulka,2243,tabulka,1,True,
klíné,Artefact,2024,nábytek,2023,nábytek,1,True,
koberec,Artefact,2025,nábytek,2023,nábytek,1,True,
konfesní rozdělení,Activity Area,1337,církevní architektura,1322,církevní architektura,1,True,
konkávní plocha,Feature,1703,reliéfní útvar,1702,reliéfní útvar,1,True,
konvexní plocha,Feature,1704,reliéfní útvar,1702,reliéfní útvar,1,True,
konzervace,Methods,210,konzervátorsko-restaurátorské metody,209,konzervátorsko-restaurátorské metody,1,True,
kopie,Methods,213,konzervátorsko-restaurátorské metody,209,konzervátorsko-restaurátorské metody,1,True,
kopiář,Artefact,2258,úřední písemnost,2250,úřední písemnost,1,True,
kopí,Artefact,1996,zbraň,1985,zbraň,1,True,
korespondeční analýza,Methods,280,statistická analýza,275,statistická analýza,1,True,
koroze,Methods,216,konzervátorsko-restaurátorské metody,209,konzervátorsko-restaurátorské metody,1,True,
korunovační insignie,Artefact,2387,šperk,2374,šperk,1,True,
kostelní věž,Feature,1716,sakrální architektura,1710,sakrální architektura,1,True,
kovolitecká pec,Feature,1694,pyrotechnické zařízení,1688,pyrotechnické zařízení,1,True,
koňský postroj,Artefact,1899,doprava,1895,doprava,1,True,
koření,Artefact,2413,zboží,2407,zboží,1,True,
kožešina,Material,2490,materiál objektu/předmětu,2431,materiál objektu/předmětu,1,True,
kresebná dokumentace,Methods,199,dokumentace,195,dokumentace,1,True,
kroužek,Artefact,1960,funkčně nespecifikovaný předmět,1954,funkčně nespecifikovaný předmět,1,True,
krumpáč,Artefact,2114,nástroj,2085,nástroj,1,True,
kružba,Feature,1717,sakrální architektura,1710,sakrální architektura,1,True,
královské město,Activity Area,1399,vlastnictví (města),1398,vlastnictví (města),1,True,
kuchyňská sůl,Artefact,2414,zboží,2407,zboží,1,True,
kulička,Artefact,1961,funkčně nespecifikovaný předmět,1954,funkčně nespecifikovaný předmět,1,True,
kulturní vrstva,Feature,1752,vrstva (objekt),1748,vrstva (objekt),1,True,
křemen,Material,2491,materiál objektu/předmětu,2431,materiál objektu/předmětu,1,True,
křemenec,Material,2492,materiál objektu/předmětu,2431,materiál objektu/předmětu,1,True,
křesadlo,Artefact,2115,nástroj,2085,nástroj,1,True,
křesťanská literatura,Artefact,2215,náboženská literatura,2213,náboženská literatura,1,True,
křišťál,Material,2493,materiál objektu/předmětu,2431,materiál objektu/předmětu,1,True,
křížová cesta,Activity Area,1342,církevní architektura,1322,církevní architektura,1,True,
lapis manalis,Artefact,2370,symbolický předmět,2359,symbolický předmět,1,True,
lastura,Material,2496,materiál objektu/předmětu,2431,materiál objektu/předmětu,1,True,
len,Material,2497,materiál objektu/předmětu,2431,materiál objektu/předmětu,1,True,
lesché,Feature,1499,dům,1495,dům,1,True,
libum,Artefact,2417,zboží,2407,zboží,1,True,
lineární konkávní útvar,Feature,1705,reliéfní útvar,1702,reliéfní útvar,1,True,
lineární konvexní útvar,Feature,1706,reliéfní útvar,1702,reliéfní útvar,1,True,
lituus,Artefact,1837,doklady umění,1814,doklady umění,1,True,
loděnice,Activity Area,1473,vodní komunikace,1472,vodní komunikace,1,True,
lopata,Artefact,2117,nástroj,2085,nástroj,1,True,
lovecký zámek,Activity Area,1440,zámek (sídlo elity),1439,zámek (sídlo elity),1,True,
loď,Artefact,1905,doprava,1895,doprava,1,True,
lyra,Artefact,1838,doklady umění,1814,doklady umění,1,True,
lékařský nástroj,Artefact,2116,nástroj,2085,nástroj,1,True,
léky,Artefact,2416,zboží,2407,zboží,1,True,
léčiva,Artefact,2415,zboží,2407,zboží,1,True,
makrozbytky,Material,2498,materiál objektu/předmětu,2431,materiál objektu/předmětu,1,True,
malakozoologická analýza,Methods,158,"analýzy, posudky (metody spracování)",141,"analýzy, posudky (metody spracování)",1,True,
malba,Artefact,1850,doklady umění,1814,doklady umění,1,True,
mamutovina,Material,2500,materiál objektu/předmětu,2431,materiál objektu/předmětu,1,True,
maska,Artefact,1874,doklady umění,1814,doklady umění,1,True,
matrika,Artefact,2264,úřední písemnost,2250,úřední písemnost,1,True,
med,Artefact,2418,zboží,2407,zboží,1,True,
medailon,Artefact,2389,šperk,2374,šperk,1,True,
medovina,Artefact,2419,zboží,2407,zboží,1,True,
megaron,Feature,1500,dům,1495,dům,1,True,
mensa,Artefact,2119,nástroj,2085,nástroj,1,True,
metalografická analýza,Methods,160,"analýzy, posudky (metody spracování)",141,"analýzy, posudky (metody spracování)",1,True,
metalurgická analýza,Methods,161,"analýzy, posudky (metody spracování)",141,"analýzy, posudky (metody spracování)",1,True,
metropole,Activity Area,1390,funkce (města),1387,funkce (města),1,True,
mezník,Feature,1675,pozemní komunikace (objekty),1672,pozemní komunikace (objekty),1,True,
mešita,Activity Area,1344,islámská architektura,1343,islámská architektura,1,True,
minaret,Feature,1720,sakrální architektura,1710,sakrální architektura,1,True,
mincovní poklad,Activity Area,1302,poklad,1301,poklad,1,True,
mineralogická analýza,Methods,162,"analýzy, posudky (metody spracování)",141,"analýzy, posudky (metody spracování)",1,True,
mlýnský kámen,Artefact,2120,nástroj,2085,nástroj,1,True,
mola salsa,Artefact,2420,zboží,2407,zboží,1,True,
monastýr,Activity Area,1383,křesťanský klášter,1357,křesťanský klášter,1,True,
monochord,Artefact,1839,doklady umění,1814,doklady umění,1,True,
monopteros,Activity Area,1314,antický chrám,1304,antický chrám,1,True,
monoxyl,Artefact,1898,doprava,1895,doprava,1,True,
moretum,Artefact,2421,zboží,2407,zboží,1,True,
morový sloup,Feature,1721,sakrální architektura,1710,sakrální architektura,1,True,
mozaika,Artefact,1875,doklady umění,1814,doklady umění,1,True,
mramor,Material,2508,materiál objektu/předmětu,2431,materiál objektu/předmětu,1,True,
mulsum,Artefact,2422,zboží,2407,zboží,1,True,
muzejní sbírky,Location & Admin,222,činnosti muzeí,221,činnosti muzeí,1,True,
muzejní výstava,Location & Admin,239,činnosti muzeí,221,činnosti muzeí,1,True,
málo destruktivní metoda,Methods,111,archeologické výzkumy,103,archeologické výzkumy,1,True,
měkkýš,Material,2502,materiál objektu/předmětu,2431,materiál objektu/předmětu,1,True,
městská brána,Feature,1624,opevnění,1619,opevnění,1,True,
městská hradba,Feature,1627,opevnění,1619,opevnění,1,True,
městská kniha,Artefact,2265,úřední písemnost,2250,úřední písemnost,1,True,
městská kronika,Artefact,2205,kronika,2202,kronika,1,True,
narthex,Feature,1722,sakrální architektura,1710,sakrální architektura,1,True,
nedestruktivní metoda výzkumu,Methods,118,archeologické výzkumy,103,archeologické výzkumy,1,True,
nepálená cihla,Artefact,2346,stavební prvek,2338,stavební prvek,1,True,
neurónová aktivační analýza,Methods,163,"analýzy, posudky (metody spracování)",141,"analýzy, posudky (metody spracování)",1,True,
neželezný kov,Material,2483,materiál objektu/předmětu,2431,materiál objektu/předmětu,1,True,
nikl,Material,2484,materiál objektu/předmětu,2431,materiál objektu/předmětu,1,True,
nobilitační listina,Artefact,2261,úřední písemnost,2250,úřední písemnost,1,True,
numismatická analýza,Methods,164,"analýzy, posudky (metody spracování)",141,"analýzy, posudky (metody spracování)",1,True,
nymfeum,Feature,1618,okrasný objekt,1617,okrasný objekt,1,True,
náholenice,Artefact,2014,zbroj,2013,zbroj,1,True,
náměstí,Activity Area,1471,veřejné prostranství,1468,veřejné prostranství,1,True,
nápoj,Artefact,2423,zboží,2407,zboží,1,True,
náprsník,Artefact,2015,zbroj,2013,zbroj,1,True,
násyp,Feature,1753,vrstva (objekt),1748,vrstva (objekt),1,True,
nářadí,Artefact,2122,nástroj,2085,nástroj,1,True,
nýt,Artefact,2343,stavební prvek,2338,stavební prvek,1,True,
obecní kronika,Artefact,2206,kronika,2202,kronika,1,True,
obilí (zrno),Artefact,1928,obilniny,1926,obilniny,1,True,
objekty (památková péče),Location & Admin,255,památková péče,253,památková péče,1,True,
obléhací stroj,Artefact,1976,vojenská technika,1975,vojenská technika,1,True,
obsidián,Material,2509,materiál objektu/předmětu,2431,materiál objektu/předmětu,1,True,
obvodový plášť,Feature,1630,opevnění,1619,opevnění,1,True,
ocílka,Artefact,2125,nástroj,2085,nástroj,1,True,
odlitek,Methods,200,dokumentace,195,dokumentace,1,True,
odlévací forma,Artefact,2126,nástroj,2085,nástroj,1,True,
odpadní vrstva,Feature,1755,vrstva (objekt),1748,vrstva (objekt),1,True,
okr,Material,2433,materiál objektu/předmětu,2431,materiál objektu/předmětu,1,True,
olej,Artefact,2424,zboží,2407,zboží,1,True,
olivy,Artefact,2425,zboží,2407,zboží,1,True,
opisthodomos,Feature,1728,sakrální architektura,1710,sakrální architektura,1,True,
opál,Material,2510,materiál objektu/předmětu,2431,materiál objektu/předmětu,1,True,
orba,Feature,1615,objekt zemědělské výroby,1613,objekt zemědělské výroby,1,True,
orchéstra,Feature,1487,amfiteátr,1483,amfiteátr,1,True,
ornamentika,Artefact,1876,doklady umění,1814,doklady umění,1,True,
osteologická analýza,Methods,165,"analýzy, posudky (metody spracování)",141,"analýzy, posudky (metody spracování)",1,True,
osvětlování,Artefact,2128,nástroj,2085,nástroj,1,True,
oves,Artefact,1929,obilniny,1926,obilniny,1,True,
oštěp,Artefact,2001,zbraň,1985,zbraň,1,True,
palcát,Artefact,2002,zbraň,1985,zbraň,1,True,
paleoentomologická analýza,Methods,166,"analýzy, posudky (metody spracování)",141,"analýzy, posudky (metody spracování)",1,True,
palice,Artefact,2129,nástroj,2085,nástroj,1,True,
palla,Artefact,2174,oděv,2167,oděv,1,True,
palná zbraň,Artefact,2003,zbraň,1985,zbraň,1,True,
paludamentum,Artefact,2175,oděv,2167,oděv,1,True,
památkový ústav,Location & Admin,269,památková péče,253,památková péče,1,True,
památkář,Location & Admin,267,památková péče,253,památková péče,1,True,
památkářka,Location & Admin,268,památková péče,253,památková péče,1,True,
pancíř,Artefact,2016,zbroj,2013,zbroj,1,True,
panova flétna,Artefact,1840,doklady umění,1814,doklady umění,1,True,
parazitologická diagnostika,Methods,167,"analýzy, posudky (metody spracování)",141,"analýzy, posudky (metody spracování)",1,True,
parkán,Feature,1634,opevnění,1619,opevnění,1,True,
pazourek,Material,2512,materiál objektu/předmětu,2431,materiál objektu/předmětu,1,True,
pec na chléb,Feature,1697,pyrotechnické zařízení,1688,pyrotechnické zařízení,1,True,
pedologický výzkum,Methods,168,"analýzy, posudky (metody spracování)",141,"analýzy, posudky (metody spracování)",1,True,
peplos,Artefact,2176,oděv,2167,oděv,1,True,
peribolos,Activity Area,1315,antický chrám,1304,antický chrám,1,True,
peripteros,Activity Area,1316,antický chrám,1304,antický chrám,1,True,
petasos,Artefact,2177,oděv,2167,oděv,1,True,
petrografická analýza,Methods,169,"analýzy, posudky (metody spracování)",141,"analýzy, posudky (metody spracování)",1,True,
pileus,Artefact,2178,oděv,2167,oděv,1,True,
piscina,Feature,1616,objekt zemědělské výroby,1613,objekt zemědělské výroby,1,True,
pivo,Artefact,2426,zboží,2407,zboží,1,True,
plavební kanál,Activity Area,1478,vodní stavba,1475,vodní stavba,1,True,
plot,Feature,1635,opevnění,1619,opevnění,1,True,
poddanské město,Activity Area,1400,vlastnictví (města),1398,vlastnictví (města),1,True,
podlaha (vrstva),Feature,1756,vrstva (objekt),1748,vrstva (objekt),1,True,
pokrývky hlavy,Artefact,2179,oděv,2167,oděv,1,True,
polenta,Artefact,2427,zboží,2407,zboží,1,True,
poplužní dvůr,Activity Area,1427,dvůr,1426,dvůr,1,True,
poustevna,Feature,1729,sakrální architektura,1710,sakrální architektura,1,True,
poutko,Artefact,2349,stavební prvek,2338,stavební prvek,1,True,
povrchový důl,Activity Area,1462,těžební areál,1459,těžební areál,1,True,
pozemková kniha,Artefact,2266,úřední písemnost,2250,úřední písemnost,1,True,
počítačová tomografie,Methods,170,"analýzy, posudky (metody spracování)",141,"analýzy, posudky (metody spracování)",1,True,
prahory,Chronology,1052,geologická doba,1051,geologická doba,1,True,
prak,Artefact,2004,zbraň,1985,zbraň,1,True,
pravděpodobnostní metoda,Methods,281,statistická analýza,275,statistická analýza,1,True,
predikční model,Methods,282,statistická analýza,275,statistická analýza,1,True,
presbytář,Feature,1730,sakrální architektura,1710,sakrální architektura,1,True,
privilegium,Artefact,2263,úřední písemnost,2250,úřední písemnost,1,True,
prkno,Artefact,2351,stavební prvek,2338,stavební prvek,1,True,
projektil,Artefact,2005,zbraň,1985,zbraň,1,True,
pronáos,Feature,1731,sakrální architektura,1710,sakrální architektura,1,True,
propylaje,Feature,1732,sakrální architektura,1710,sakrální architektura,1,True,
proskénion,Feature,1488,amfiteátr,1483,amfiteátr,1,True,
proso,Artefact,1930,obilniny,1926,obilniny,1,True,
prostorová statistika,Methods,283,statistická analýza,275,statistická analýza,1,True,
prostylos,Activity Area,1317,antický chrám,1304,antický chrám,1,True,
proutěné výrobky,Material,2517,materiál objektu/předmětu,2431,materiál objektu/předmětu,1,True,
prvohory,Chronology,1053,geologická doba,1051,geologická doba,1,True,
prytaneion,Feature,1555,radnice,1552,radnice,1,True,
průmyslové město,Activity Area,1391,funkce (města),1387,funkce (města),1,True,
psací materiál,Material,2528,materiál objektu/předmětu,2431,materiál objektu/předmětu,1,True,
psací tabulka,Artefact,2245,tabulka,2243,tabulka,1,True,
puteál,Feature,1733,sakrální architektura,1710,sakrální architektura,1,True,
pylová analýza,Methods,171,"analýzy, posudky (metody spracování)",141,"analýzy, posudky (metody spracování)",1,True,
pylón,Feature,1734,sakrální architektura,1710,sakrální architektura,1,True,
pískovec,Material,2515,materiál objektu/předmětu,2431,materiál objektu/předmětu,1,True,
pískovna,Activity Area,1466,těžební areál,1459,těžební areál,1,True,
píšťala,Artefact,1841,doklady umění,1814,doklady umění,1,True,
pěstní klín,Artefact,2130,nástroj,2085,nástroj,1,True,
předhradí,Feature,1636,opevnění,1619,opevnění,1,True,
předmět (památková péče),Location & Admin,270,památková péče,253,památková péče,1,True,
předmět z bronzu,Material,2520,materiál objektu/předmětu,2431,materiál objektu/předmětu,1,True,
předmět z kamene,Material,2521,materiál objektu/předmětu,2431,materiál objektu/předmětu,1,True,
předmět z kosti,Material,2522,materiál objektu/předmětu,2431,materiál objektu/předmětu,1,True,
předmět z kovu,Material,2523,materiál objektu/předmětu,2431,materiál objektu/předmětu,1,True,
předmět z mědi,Material,2524,materiál objektu/předmětu,2431,materiál objektu/předmětu,1,True,
předmět ze stříbra,Material,2525,materiál objektu/předmětu,2431,materiál objektu/předmětu,1,True,
předmět ze zlata,Material,2526,materiál objektu/předmětu,2431,materiál objektu/předmětu,1,True,
předmět ze železa,Material,2527,materiál objektu/předmětu,2431,materiál objektu/předmětu,1,True,
přilba,Artefact,2017,zbroj,2013,zbroj,1,True,
přístav,Activity Area,1474,vodní komunikace,1472,vodní komunikace,1,True,
přístavní město,Activity Area,1392,funkce (města),1387,funkce (města),1,True,
přívěsek,Artefact,2398,šperk,2374,šperk,1,True,
pšenice dvouzrnka,Artefact,1931,obilniny,1926,obilniny,1,True,
pšenice jednozrnka,Artefact,1932,obilniny,1926,obilniny,1,True,
pšenice špalda,Artefact,1933,obilniny,1926,obilniny,1,True,
radiokarbonové datování,Methods,172,"analýzy, posudky (metody spracování)",141,"analýzy, posudky (metody spracování)",1,True,
reflexní luk,Artefact,1999,zbraň,1985,zbraň,1,True,
regionální muzeum,Location & Admin,247,druhy muzeí,242,druhy muzeí,1,True,
relativní chronologie,Methods,191,archeologické datování,189,archeologické datování,1,True,
reliéf (sochařství),Artefact,1881,doklady umění,1814,doklady umění,1,True,
renesanční oltář,Feature,1726,sakrální architektura,1710,sakrální architektura,1,True,
rentgenová fluorescenční analýza,Methods,173,"analýzy, posudky (metody spracování)",141,"analýzy, posudky (metody spracování)",1,True,
restaurování,Methods,217,konzervátorsko-restaurátorské metody,209,konzervátorsko-restaurátorské metody,1,True,
restaurátorský průzkum,Methods,174,"analýzy, posudky (metody spracování)",141,"analýzy, posudky (metody spracování)",1,True,
retábl,Feature,1727,sakrální architektura,1710,sakrální architektura,1,True,
rodová kronika,Artefact,2207,kronika,2202,kronika,1,True,
rohovec,Material,2534,materiál objektu/předmětu,2431,materiál objektu/předmětu,1,True,
rondel,Activity Area,1405,příkopové ohrazení,1404,příkopové ohrazení,1,True,
rostra,Feature,1610,objekt na veřejném prostranství,1608,objekt na veřejném prostranství,1,True,
rotunda,Activity Area,1341,církevní architektura,1322,církevní architektura,1,True,
ruční bubínek,Artefact,1842,doklady umění,1814,doklady umění,1,True,
rybářské závaží,Artefact,2153,nástroj,2085,nástroj,1,True,
rytina,Artefact,1883,doklady umění,1814,doklady umění,1,True,
rýč,Artefact,2135,nástroj,2085,nástroj,1,True,
růženec,Artefact,2400,šperk,2374,šperk,1,True,
sagum,Artefact,2180,oděv,2167,oděv,1,True,
salpinx,Artefact,1843,doklady umění,1814,doklady umění,1,True,
saně,Artefact,1911,doprava,1895,doprava,1,True,
sapropelit,Material,2536,materiál objektu/předmětu,2431,materiál objektu/předmětu,1,True,
sekeromlat,Artefact,2006,zbraň,1985,zbraň,1,True,
semeno,Material,2537,materiál objektu/předmětu,2431,materiál objektu/předmětu,1,True,
shluková analýza,Methods,284,statistická analýza,275,statistická analýza,1,True,
signální nástroj,Artefact,1844,doklady umění,1814,doklady umění,1,True,
silnice,Activity Area,1416,pozemní komunikace (areály),1413,pozemní komunikace (areály),1,True,
silniční síť,Activity Area,1418,pozemní komunikace (areály),1413,pozemní komunikace (areály),1,True,
sistrum,Artefact,1845,doklady umění,1814,doklady umění,1,True,
skalní kaple,Activity Area,1332,církevní architektura,1322,církevní architektura,1,True,
skanzen,Location & Admin,248,druhy muzeí,242,druhy muzeí,1,True,
skleněný výrobek,Material,2538,materiál objektu/předmětu,2431,materiál objektu/předmětu,1,True,
sklářská pec,Feature,1698,pyrotechnické zařízení,1688,pyrotechnické zařízení,1,True,
skéné,Feature,1494,divadlo,1493,divadlo,1,True,
skříň,Artefact,2026,nábytek,2023,nábytek,1,True,
slonovina,Material,2540,materiál objektu/předmětu,2431,materiál objektu/předmětu,1,True,
sloupořadí,Feature,1611,objekt na veřejném prostranství,1608,objekt na veřejném prostranství,1,True,
smírčí kamen,Feature,1735,sakrální architektura,1710,sakrální architektura,1,True,
socha,Artefact,1888,doklady umění,1814,doklady umění,1,True,
solný důl,Activity Area,1463,těžební areál,1459,těžební areál,1,True,
soupis duší,Artefact,3731,úřední písemnost,2250,úřední písemnost,1,True,
soupis lidu,Artefact,2267,úřední písemnost,2250,úřední písemnost,1,True,
soupis obyvatelstva podle víry,Artefact,2268,úřední písemnost,2250,úřední písemnost,1,True,
součást domu,Feature,1501,dům,1495,dům,1,True,
spektrografická analýza,Methods,176,"analýzy, posudky (metody spracování)",141,"analýzy, posudky (metody spracování)",1,True,
spektrometrie,Methods,177,"analýzy, posudky (metody spracování)",141,"analýzy, posudky (metody spracování)",1,True,
spektrální analýza,Methods,175,"analýzy, posudky (metody spracování)",141,"analýzy, posudky (metody spracování)",1,True,
spilit,Material,2541,materiál objektu/předmětu,2431,materiál objektu/předmětu,1,True,
splach,Feature,1757,vrstva (objekt),1748,vrstva (objekt),1,True,
srovnávací metoda,Methods,208,komparativní výzkum,206,komparativní výzkum,1,True,
stabilní katastr,Artefact,2269,úřední písemnost,2250,úřední písemnost,1,True,
statistické vzorkování,Methods,285,statistická analýza,275,statistická analýza,1,True,
stavební kámen,Material,2543,materiál objektu/předmětu,2431,materiál objektu/předmětu,1,True,
stezka,Activity Area,1419,pozemní komunikace (areály),1413,pozemní komunikace (areály),1,True,
stilo,Artefact,2139,nástroj,2085,nástroj,1,True,
stoá,Feature,1612,objekt na veřejném prostranství,1608,objekt na veřejném prostranství,1,True,
středověké město,Activity Area,1397,chronologie (města),1394,chronologie (města),1,True,
střelná zbraň,Artefact,2007,zbraň,1985,zbraň,1,True,
střešní taška,Artefact,2356,stavební prvek,2338,stavební prvek,1,True,
sukno,Material,2544,materiál objektu/předmětu,2431,materiál objektu/předmětu,1,True,
sídelní město,Activity Area,1393,funkce (města),1387,funkce (města),1,True,
technika zhotovení,Artefact,2018,zbroj,2013,zbroj,1,True,
technologický proces,Methods,187,"analýzy, posudky (metody spracování)",141,"analýzy, posudky (metody spracování)",1,True,
telegrafie,Feature,1678,pozemní komunikace (objekty),1672,pozemní komunikace (objekty),1,True,
telestérion,Activity Area,1318,antický chrám,1304,antický chrám,1,True,
temenos,Activity Area,1319,antický chrám,1304,antický chrám,1,True,
teorie systémů,Methods,286,statistická analýza,275,statistická analýza,1,True,
termoluminiscenční datování,Methods,188,"analýzy, posudky (metody spracování)",141,"analýzy, posudky (metody spracování)",1,True,
terénní archeologická dokumentace,Methods,201,dokumentace,195,dokumentace,1,True,
teslice,Artefact,2144,nástroj,2085,nástroj,1,True,
thermy,Activity Area,1270,lázně,1269,lázně,1,True,
tholos,Activity Area,1320,antický chrám,1304,antický chrám,1,True,
thyrsos,Artefact,2372,symbolický předmět,2359,symbolický předmět,1,True,
thésauros,Feature,1737,sakrální architektura,1710,sakrální architektura,1,True,
tkalcovské závaží,Artefact,2154,nástroj,2085,nástroj,1,True,
tkalcovský stav,Artefact,2145,nástroj,2085,nástroj,1,True,
toaletní potřeba,Artefact,2146,nástroj,2085,nástroj,1,True,
toulec,Artefact,2011,zbraň,1985,zbraň,1,True,
trojnožka,Artefact,2147,nástroj,2085,nástroj,1,True,
trojrozměrné modelování,Methods,202,dokumentace,195,dokumentace,1,True,
trsátko,Artefact,1846,doklady umění,1814,doklady umění,1,True,
tuba,Artefact,1847,doklady umění,1814,doklady umění,1,True,
tympanon (hudební nástroj),Artefact,1848,doklady umění,1814,doklady umění,1,True,
tyčinka,Artefact,1963,funkčně nespecifikovaný předmět,1954,funkčně nespecifikovaný předmět,1,True,
ubrousek,Artefact,2148,nástroj,2085,nástroj,1,True,
uhličitan draselný,Material,2547,materiál objektu/předmětu,2431,materiál objektu/předmětu,1,True,
ulice,Feature,1572,inženýrská síť,1571,inženýrská síť,1,True,
uměleckoprůmyslové muzeum,Location & Admin,249,druhy muzeí,242,druhy muzeí,1,True,
urbář,Artefact,2270,úřední písemnost,2250,úřední písemnost,1,True,
useň,Material,2495,materiál objektu/předmětu,2431,materiál objektu/předmětu,1,True,
varhany,Artefact,1849,doklady umění,1814,doklady umění,1,True,
vavřín,Artefact,2428,zboží,2407,zboží,1,True,
veřejná knihovna,Feature,1525,knihovna,1524,knihovna,1,True,
viadukt,Activity Area,1420,pozemní komunikace (areály),1413,pozemní komunikace (areály),1,True,
videozáznam,Methods,203,dokumentace,195,dokumentace,1,True,
vitráž,Feature,1738,sakrální architektura,1710,sakrální architektura,1,True,
vlna,Material,2549,materiál objektu/předmětu,2431,materiál objektu/předmětu,1,True,
vltavín,Material,2551,materiál objektu/předmětu,2431,materiál objektu/předmětu,1,True,
vojenské řády a vyznamenání,Artefact,2373,symbolický předmět,2359,symbolický předmět,1,True,
vosková tabulka,Artefact,2249,tabulka,2243,tabulka,1,True,
vrhací zbraň,Artefact,2012,zbraň,1985,zbraň,1,True,
vrták,Artefact,2151,nástroj,2085,nástroj,1,True,
váha,Artefact,2149,nástroj,2085,nástroj,1,True,
vápenická pec,Feature,1699,pyrotechnické zařízení,1688,pyrotechnické zařízení,1,True,
víno,Artefact,2429,zboží,2407,zboží,1,True,
výheň,Feature,1700,pyrotechnické zařízení,1688,pyrotechnické zařízení,1,True,
výplň zahloubeného objektu,Feature,1758,vrstva (objekt),1748,vrstva (objekt),1,True,
věnné město,Activity Area,1401,vlastnictví (města),1398,vlastnictví (města),1,True,
věštírna,Activity Area,1321,antický chrám,1304,antický chrám,1,True,
vůz,Artefact,1912,doprava,1895,doprava,1,True,
zemské desky,Artefact,2273,úřední písemnost,2250,úřední písemnost,1,True,
zemědělské nářadí,Artefact,2155,nástroj,2085,nástroj,1,True,
zeď,Feature,1642,opevnění,1619,opevnění,1,True,
zinek,Material,2487,materiál objektu/předmětu,2431,materiál objektu/předmětu,1,True,
zoomorfní nádoba,Artefact,2081,tvar nádoby,2079,tvar nádoby,1,True,
zpovědní seznam,Artefact,3730,úřední písemnost,2250,úřední písemnost,1,True,
zrcadlo,Artefact,2165,nástroj,2085,nástroj,1,True,
zrnotěrka,Artefact,2163,nástroj,2085,nástroj,1,True,
zvonek,Artefact,2166,nástroj,2085,nástroj,1,True,
závěť,Artefact,2272,úřední písemnost,2250,úřední písemnost,1,True,
účetní materiál,Artefact,3732,úřední písemnost,2250,úřední písemnost,1,True,
úřední kniha,Artefact,2271,úřední písemnost,2250,úřední písemnost,1,True,
úštěp,Artefact,2308,polotovar,2302,polotovar,1,True,
čelenka,Artefact,2379,šperk,2374,šperk,1,True,
čepel,Artefact,2090,nástroj,2085,nástroj,1,True,
čepelka,Artefact,2091,nástroj,2085,nástroj,1,True,
činka,Artefact,2404,sportovní nářadí,2403,sportovní nářadí,1,True,
řezba v kameni,Artefact,1884,doklady umění,1814,doklady umění,1,True,
řezba v nefritu,Artefact,1885,doklady umění,1814,doklady umění,1,True,
řezba v rohovině,Artefact,1886,doklady umění,1814,doklady umění,1,True,
řezba ve slonovině,Artefact,1887,doklady umění,1814,doklady umění,1,True,
řád a vyznamenání,Artefact,2371,symbolický předmět,2359,symbolický předmět,1,True,
šachovnice,Artefact,1969,šachy,1967,šachy,1,True,
šachová figurka,Artefact,1968,šachy,1967,šachy,1,True,
šipka,Artefact,2009,zbraň,1985,zbraň,1,True,
špendlík,Artefact,2142,nástroj,2085,nástroj,1,True,
špičák,Artefact,2143,nástroj,2085,nástroj,1,True,
štípaná industrie,Artefact,2107,nástroj,2085,nástroj,1,True,
štítová puklice,Artefact,1974,štít,1973,štít,1,True,
železná ruda,Artefact,2306,polotovar,2302,polotovar,1,True,
železářská pec,Feature,1701,pyrotechnické zařízení,1688,pyrotechnické zařízení,1,True,
žernov,Artefact,2164,nástroj,2085,nástroj,1,True,
žito,Artefact,1934,obilniny,1926,obilniny,1,True,
