root,root_label,subbranch,subbranch_label,depth,term_count,usable_count,sample_terms,would_be_facet,guardrail_conflict
1,1) Teorie a přístupy / Theory and approaches,2,archeologie / archaeology,2,71,71,abraze; amatérska archeologie; archeogenetika; archeolog; archeologická data; archeologická kultura; archeologická lokalita; archeologická transformace; archeologický kontext; archeologický nález,,False
1,1) Teorie a přístupy / Theory and approaches,73,věda - obecná hesla / science - general entries,2,29,29,ASEP (databáze); analýza; databáze; diskurzivní analýza; heuristika; kontextuální analýza; kritika (vědecká metodologie); názorný model; oborová terminologie; paradigma vědy,,False
2557,10) Pomocně-historická hesla / Auxiliary-historical headings,2560,10.2) etnika / ethnic groups,2,391,391,Achájové; Aiólové; Alemani; Anglosasové; Antoniův val; Avaři; Baltové; Barbaři; Baskové; Batavové,,True
2557,10) Pomocně-historická hesla / Auxiliary-historical headings,2900,10.3) historické oblasti a státní útvary / historical regions,2,317,317,Achaia; Afrika; Akkad; Alpy; Alsasko; Andalusie; Anglie; Apulie; Aquitaine; Arabský poloostrov,,True
2557,10) Pomocně-historická hesla / Auxiliary-historical headings,3076,10.4) panovnické dynastie / ruling dynasties,2,15,15,Anjouovci; Arpádovci; Habsburkové; Jagellonci; Karlovci; Liudolfovci; Lucemburkové; Merovejci; Mojmírovci; Piastovci,,True
2557,10) Pomocně-historická hesla / Auxiliary-historical headings,3091,10.5) války / wars,2,11,11,"druhá makedonská válka (200-197 př. Kr.); galské války (58-51 př. Kr.); makedonské války (215-168 př. Kr); markomanské války, 166-180; povstání Andriska (151-148 př. Kr.); první makedonská válka (215-205 př. Kr.); tažení Alexandra velikého (334-323 př. Kr.); třetí makedonská válka (171-168 př. Kr.); války; římská občanská válka 49-45 př. Kr.",,False
2557,10) Pomocně-historická hesla / Auxiliary-historical headings,2558,10.1) bitvy / battles,2,7,7,"bitva u Gaugamél (331 př. Kr. : Tel Gomél, Irák); bitva u Graníku (334 př. Kr. : Biga Çayi, Turecko : řeka); bitva u Hydaspés (326 př. Kr. : Džihlam, Indie a Pákistán : řeka); bitva u Issu (333 př. Kr. : Issos : zaniklé město); bitva u Kann (216 př. Kr. : Cannae : zaniklé město); bitva v Teutoburském lese; bitvy",,False
288,4) Hraniční obory / Cross-border and related disciplines,352,příbuzné obory / Related disciplines,2,904,903,Agnus Dei; Bar micva; Barbizonská škola; Berlínská škola; Bůh; Bůh (křesťanství); Bůh (teologie); Bůh Otec; Bůh Syn; Duch svatý,,False
288,4) Hraniční obory / Cross-border and related disciplines,289,hraniční obory / cross-bordering disciplines,2,62,62,archeoastronomie; archeobiologie; archeobotanika; archeometalurgie; archeozoologie; chov hospodářských zvířat; dendrochronologie; domestifikace živočichů; domácí zvíře; dějiny metalurgie,,False
3094,11) Povolání a pracovní činnosti / Professions and work activities,3234,řemeslná práce / craftsmanship,2,198,198,bednář; bednářství; brašnářství; cech; cechovní znak; cihlář; cihlářská hlína; cihlářství; cizelérství; cínař,,False
3094,11) Povolání a pracovní činnosti / Professions and work activities,3095,kult / cult,2,92,92,Starec; abatyše; alžbětinky; arcibiskup; augustiniáni; augustiniáni kanovníci; augustiniánky; bakchantky; benediktini; benediktinky,,False
3094,11) Povolání a pracovní činnosti / Professions and work activities,3447,těžba / extraction,2,68,68,dějiny hornictví; dřevorubec; hornictví; horník; ložiska; ložisko břidlice; ložisko cínu; ložisko fosfátů; ložisko grafitu; ložisko hnědého uhlí,,False
3094,11) Povolání a pracovní činnosti / Professions and work activities,3196,"pěstování plodin, chov a lov / crop production, breeding and hunting",2,38,38,chov domácích zvířat; drůbež; dějiny myslivosti; dějiny zemědělství; extenzivní zemědělství; koza; kočovník; kůň; lesní hospodářství; lov ptáků,,False
3094,11) Povolání a pracovní činnosti / Professions and work activities,3515,válečnictví / art of war,2,35,35,anexe; armáda; bitva; bojovník; branec; casus belli; dělostřelectvo; filozofie války; jezdectvo; jízdní lučistníci,,False
3094,11) Povolání a pracovní činnosti / Professions and work activities,3424,"správa, písemnictví / administration, literature",2,26,26,církevní poplatky; církevní správa; daně; desátek; konšel; kronikář; kronikářka; kronikářství; lokátor; městská pečeť,,False
3094,11) Povolání a pracovní činnosti / Professions and work activities,3182,obchod / trade,2,14,14,dálkový obchod; dějiny obchodu; mýtné; námořní doprava; námořní obchod; obchod; obchodnice; obchodní společnost; obchodní stezka; obchodní vztahy,,False
3549,12) Společnost / Society,3621,sociálni stratifikace / social stratification,2,37,37,aristokracie; buržoazie; duchovenstvo; dělnictvo; ekonomická elita; elita; kasta; konkrétní (společenské třídy); kurfiřt; markrabě,,False
3549,12) Společnost / Society,3658,sociální systém / social system,2,29,29,absolutismus; absolutní monarchie; císařství; demokracie; despotismus; diktatura; diktatura proletariátu; feudalismus; gerontokracie; knížectví,,False
3549,12) Společnost / Society,3567,písmo / script,2,25,25,arabské písmo; aramejské písmo; arménské písmo; azbuka (písmo); cyrilice; fraktura (písmo); gruzínské písmo; hebrejské písmo; hieratické písmo; hieroglyfy,,False
3549,12) Společnost / Society,3550,obecná hesla (společnost) / general entries (society),2,17,17,barter; dar; distribuční mapa; dělba práce; komunita (sociologie); obecná hesla (společnost); reciprocita; sociální identita; sociální mobilita; sociální nerovnost,,False
3549,12) Společnost / Society,3592,právní institut / legal institute,2,16,16,inkolát; landfrýd; léno; nevolnictví; nobilitace; nástupnické právo; odúmrtní právo; ordál; otroctví; pacht,,False
3549,12) Společnost / Society,3608,právo / law,2,13,13,církevní právo; horní právo; horní regál; lenní právo; magdeburské právo; městské právo; občanské právo; právo; zemské právo; zvykové právo,,False
3549,12) Společnost / Society,3687,společnosti / societies,2,11,11,dvorská společnost; industriální společnost; lovci mamutů; lovecko-sběračská společnost; moderní společnost; orientální civilizace; pravěká společnost; společnosti; starověká civilizace; středověká společnost,,False
